start_date,end_date,date_text,event_name,city,status,unconfirmed,date_notes,notes,source_url,source_domain,source_page
2026-09-18,2026-09-18,9/18,Oakland Park Latin Fest,Oakland Park,active,False,,,https://www.oaklandparkfl.gov/601/Latin-Fest,www.oaklandparkfl.gov,https://festivalguidesandreviews.com/florida-festivals/
2026-09-18,2026-09-20,9/18-9/20,South Gulf Coast Florida Vintage Market Days,Fort Myers,active,False,,,https://vintagemarketdays.com/market/south-gulf-coast-florida/,vintagemarketdays.com,https://festivalguidesandreviews.com/florida-festivals/
2026-09-18,2026-09-20,9/18-9/20,Everybody’s Favorite Barbecue and Hot Sauce Festival: Jacksonville,Jacksonville,active,False,,,https://everybodysfavoritefestival.com/cities/,everybodysfavoritefestival.com,https://festivalguidesandreviews.com/florida-festivals/
2026-09-18,2026-09-20,9/18-9/20,Wicked Barley’s Oktoberfest,Jacksonville,active,False,,,https://www.facebook.com/events/2162612230981479,www.facebook.com,https://festivalguidesandreviews.com/florida-festivals/
2026-09-18,2026-09-20,9/18-9/20,Raprager Family Farm’s Fall Festival I,Odessa,active,False,,,https://rapragerfarm.com/fall-festival,rapragerfarm.com,https://festivalguidesandreviews.com/florida-festivals/
2026-09-18,2026-09-20,9/18-9/20,Gulf Coast Jazz Festival: Fall Edition,Pensacola,active,False,,,https://www.gulfcoastsummerfestjazzedition.com/event-information,www.gulfcoastsummerfestjazzedition.com,https://festivalguidesandreviews.com/florida-festivals/
2026-09-18,2026-09-20,9/18-9/20,Mega Night Market Mid Autumn Moon Festival,Tampa,active,False,,,https://www.facebook.com/events/1284259827148018/,www.facebook.com,https://festivalguidesandreviews.com/florida-festivals/
2026-09-19,2026-09-19,9/19,Gail Baker Community Center Fall Festival,Atlantic Beach,active,False,,,https://coab.us/Calendar.aspx?EID=10140&month=5&year=2026&day=7&calType=0,coab.us,https://festivalguidesandreviews.com/florida-festivals/
2026-09-19,2026-09-19,9/19,Clermont Sips and Salsa,Clermont,active,False,,,https://www.clermontfl.gov/254/Events,www.clermontfl.gov,https://festivalguidesandreviews.com/florida-festivals/
2026-09-19,2026-09-19,9/19,Fabulous 50’s Festival,Newberry,active,False,,,https://www.facebook.com/events/2002639217252905/,www.facebook.com,https://festivalguidesandreviews.com/florida-festivals/
2026-09-19,2026-09-19,9/19,Key Lime and Tropical Festival,Punta Gorda,active,False,,,https://www.fishermensvillage.com/events,www.fishermensvillage.com,https://festivalguidesandreviews.com/florida-festivals/
2026-09-19,2026-09-19,9/19,Deviant Wolfe Oktoberfest,Sanford,active,False,,,https://www.facebook.com/events/873075262293069,www.facebook.com,https://festivalguidesandreviews.com/florida-festivals/
2026-09-19,2026-09-19,9/19,Williston Fiesta,Williston,active,False,,,https://www.facebook.com/events/1294119272429922/?acontext=%7B%22event_action_history%22%3A[%7B%22mechanism%22%3A%22surface%22%2C%22surface%22%3A%22groups_highlight_units%22%7D]%2C%22ref_notif_type%22%3Anull%7D,www.facebook.com,https://festivalguidesandreviews.com/florida-festivals/
2026-09-19,2026-09-19,9/19,DogFest Winter Park,Winter Park,active,False,,,https://www.facebook.com/events/1605553004206747/,www.facebook.com,https://festivalguidesandreviews.com/florida-festivals/
2026-09-19,2026-09-20,9/19-9/20,Fall Festival at Amber Brooke Farms I,Williston,active,False,,,https://amberbrookefarms.com/,amberbrookefarms.com,https://festivalguidesandreviews.com/florida-festivals/
2026-09-24,2026-09-26,9/24-9/26,City of Oviedo Oktoberfest,Oviedo,active,False,,,https://www.eventbrite.com/e/oviedo-oktoberfest-2026-tickets-1988317980604,www.eventbrite.com,https://festivalguidesandreviews.com/florida-festivals/
2026-09-24,2026-09-27,9/24-9/27,St. Augustine Songwriters Festival,St. Augustine,active,False,,,https://www.facebook.com/staugustinesongwritersfestival/,www.facebook.com,https://festivalguidesandreviews.com/florida-festivals/
2026-09-25,2026-09-25,9/25,Leesburg Fiesta en la Plaza,Leesburg,active,False,,,https://www.facebook.com/events/1744896233619604,www.facebook.com,https://festivalguidesandreviews.com/florida-festivals/
2026-09-25,2026-09-25,9/25,Main Street Marianna Fall Festival,Marianna,active,False,,,https://www.facebook.com/events/2347117706049657/,www.facebook.com,https://festivalguidesandreviews.com/florida-festivals/
2026-09-25,2026-09-26,9/25-9/26,High Springs Fall Festival,High Springs,active,False,,,https://highsprings.com/fall-festival-september-2026/,highsprings.com,https://festivalguidesandreviews.com/florida-festivals/
2026-09-25,2026-09-26,9/25-9/26,Oktoberfest at Bluewater Bay,Niceville,active,False,,,https://www.midbayrotaryclub.org/events,www.midbayrotaryclub.org,https://festivalguidesandreviews.com/florida-festivals/
2026-09-25,2026-09-26,9/25-9/26,Smokin’ in the Pines BBQ Festival,Perry,active,False,,,http://www.smokininthepinesbbq.com/,www.smokininthepinesbbq.com,https://festivalguidesandreviews.com/florida-festivals/
2026-09-25,2026-09-26,9/25-9/26,Traditional German American Friendship Society of Pinellas Oktoberfest I,Pinellas Park,active,False,,,https://www.facebook.com/GermanTampa,www.facebook.com,https://festivalguidesandreviews.com/florida-festivals/
2026-09-25,2026-09-27,9/25-9/27,Destin Seafood Festival,Destin,active,False,,,https://www.facebook.com/DestinSeafoodFest/,www.facebook.com,https://festivalguidesandreviews.com/florida-festivals/
2026-09-25,2026-09-27,9/25-9/27,Jacob City Day,Jacob City,active,False,,,https://www.facebook.com/photo/?fbid=10164264453070138&set=gm.26824830037154386&idorvanity=189497904447628,www.facebook.com,https://festivalguidesandreviews.com/florida-festivals/
2026-09-25,2026-09-27,9/25-9/27,Raprager Family Farm’s Fall Festival II,Odessa,active,False,,,https://rapragerfarm.com/fall-festival,rapragerfarm.com,https://festivalguidesandreviews.com/florida-festivals/
2026-09-25,2026-09-27,9/25-9/27,Pensacola Seafood Festival,Pensacola,active,False,,,https://www.pensacolaseafoodfestival.com/,www.pensacolaseafoodfestival.com,https://festivalguidesandreviews.com/florida-festivals/
2026-09-26,2026-09-26,9/26,Bartow Fall Fest,Bartow,active,False,,,https://mainstreetbartowfl.com/event-calendar,mainstreetbartowfl.com,https://festivalguidesandreviews.com/florida-festivals/
2026-09-26,2026-09-26,9/26,German American Society Oktoberfest I,Hollywood,active,False,,,https://www.germanamericanclubhollywood.org,www.germanamericanclubhollywood.org,https://festivalguidesandreviews.com/florida-festivals/
2026-09-26,2026-09-26,9/26,Howey Artisan Market at Mission Resort and Club VI,Howey in the Hills,active,False,,,https://www.facebook.com/events/1618016786356990/1618018013023534/,www.facebook.com,https://festivalguidesandreviews.com/florida-festivals/
2026-09-26,2026-09-26,9/26,Largo Evening Market VII,Largo,active,False,,,https://www.playlargo.com/special_events_detail_T40_R81.php,www.playlargo.com,https://festivalguidesandreviews.com/florida-festivals/
2026-09-26,2026-09-26,9/26,Space Coast Pride Festival,Melbourne,active,False,,,https://spacecoastpride.org/,spacecoastpride.org,https://festivalguidesandreviews.com/florida-festivals/
2026-09-26,2026-09-26,9/26,Mount Dora Viva La Frida,Mount Dora,active,False,,,https://mountdoraart.com/mount-dora-viva-la-frida-festival/,mountdoraart.com,https://festivalguidesandreviews.com/florida-festivals/
2026-09-26,2026-09-26,9/26,International Food and Drink Festival,Orlando,active,False,,,https://www.instagram.com/internationalfoodanddrinkfest/,www.instagram.com,https://festivalguidesandreviews.com/florida-festivals/
2026-09-26,2026-09-26,9/26,Lake Nona Oktoberfest,Orlando,active,False,,,https://www.eventbrite.com/e/lake-nona-oktoberfest-2026-stein-hoisting-competition-tickets-1994830603033,www.eventbrite.com,https://festivalguidesandreviews.com/florida-festivals/
2026-09-26,2026-09-26,9/26,Moon Over Avalon Night Market,Orlando,active,False,,,https://www.facebook.com/Orlando.Moon.Festival/,www.facebook.com,https://festivalguidesandreviews.com/florida-festivals/
2026-09-26,2026-09-26,9/26,Panacea Blue Crab Festival,Panacea,active,False,,,https://www.visitpanacea.org/blue-crab-festival,www.visitpanacea.org,https://festivalguidesandreviews.com/florida-festivals/
2026-09-26,2026-09-26,9/26,Experience Asia Festival,Tallahassee,active,False,,,https://asiantlh.org/events/2026-EA,asiantlh.org,https://festivalguidesandreviews.com/florida-festivals/
2026-09-26,2026-09-27,9/26-9/27,Bedner’s Fall Festival I,Boynton Beach,active,False,,,https://bedners.com/fall-festival/,bedners.com,https://festivalguidesandreviews.com/florida-festivals/
2026-09-26,2026-09-27,9/26-9/27,Mayhem Ranch Fall Festival I,Morriston,active,False,,,https://mayhemranchfla.com/event/mayhem-ranch-fall-festival/,mayhemranchfla.com,https://festivalguidesandreviews.com/florida-festivals/
2026-09-26,2026-09-27,9/26-9/27,Port St. Lucie Bacon and BBQ Festival,Vero Beach,active,False,,,https://www.pottcevents.com/treasure-coast-bacon-fest.html,www.pottcevents.com,https://festivalguidesandreviews.com/florida-festivals/
2026-09-26,2026-09-27,9/26-9/27,Fall Festival at Amber Brooke Farms II,Williston,active,False,,,https://amberbrookefarms.com/,amberbrookefarms.com,https://festivalguidesandreviews.com/florida-festivals/
2026-10-02,2026-10-03,10/2-10/3,Traditional German American Friendship Society of Pinellas Oktoberfest II,Pinellas Park,active,False,,,https://www.facebook.com/GermanTampa,www.facebook.com,https://festivalguidesandreviews.com/florida-festivals/
2026-10-02,2026-10-03,10/2-10/3,Royal Palm Beach Rock-N Fall Fest,Royal Palm Beach,active,False,,,https://www.pottcevents.com/rpb-fall-fest.html,www.pottcevents.com,https://festivalguidesandreviews.com/florida-festivals/
2026-10-02,2026-10-04,10/2-10/4,Millennial Brewing Co. Oktoberfest,Fort Myers,active,False,,,https://www.facebook.com/events/838491861953733/,www.facebook.com,https://festivalguidesandreviews.com/florida-festivals/
2026-10-02,2026-10-04,10/2-10/4,Oakland Park Oktoberfest,Oakland Park,active,False,,,https://www.oaklandparkfl.gov/228/Oktoberfest,www.oaklandparkfl.gov,https://festivalguidesandreviews.com/florida-festivals/
2026-10-02,2026-10-04,10/2-10/4,Raprager Family Farm’s Fall Festival III,Odessa,active,False,,,https://rapragerfarm.com/fall-festival,rapragerfarm.com,https://festivalguidesandreviews.com/florida-festivals/
2026-10-02,2026-10-04,10/2-10/4,Fall Festival at Amber Brooke Farms III,Williston,active,False,,,https://amberbrookefarms.com/,amberbrookefarms.com,https://festivalguidesandreviews.com/florida-festivals/
2026-10-03,2026-10-03,10/3,Orlando’s Original Oktoberfest I,Casselberry,active,False,,,https://www.orlandogermanclub.com/events/,www.orlandogermanclub.com,https://festivalguidesandreviews.com/florida-festivals/
2026-10-03,2026-10-03,10/3,St. Joe Fall Festival,Dade City,active,False,,,https://www.facebook.com/events/1024122760034948/?rdid=ZVFJm54lHu9gWBds&share_url=https%3A%2F%2Fwww.facebook.com%2Fshare%2F196ovWr1F2%2F,www.facebook.com,https://festivalguidesandreviews.com/florida-festivals/
2026-10-03,2026-10-03,10/3,Island Hop Craft Beer Festival,Fernandina Beach,active,False,,,https://www.fernandinamainstreet.com/all-events-1/island-hop-craft-beer-fest,www.fernandinamainstreet.com,https://festivalguidesandreviews.com/florida-festivals/
2026-10-03,2026-10-03,10/3,Dog Daze,Fort Walton Beach,active,False,,,https://www.facebook.com/DogDazeFWB,www.facebook.com,https://festivalguidesandreviews.com/florida-festivals/
2026-10-03,2026-10-03,10/3,Gainesville Pride Festival,Gainesville,active,False,,,https://www.facebook.com/PrideCommunityCenter,www.facebook.com,https://festivalguidesandreviews.com/florida-festivals/
2026-10-03,2026-10-03,10/3,Green Cove Springs Soul Food and Music Festival,Green Cove Springs,active,False,,,https://carimenia.wixsite.com/mysite,carimenia.wixsite.com,https://festivalguidesandreviews.com/florida-festivals/
2026-10-03,2026-10-03,10/3,Depot Days Festival,Milton,active,False,,,https://www.facebook.com/profile.php?id=100057149273591,www.facebook.com,https://festivalguidesandreviews.com/florida-festivals/
2026-10-03,2026-10-03,10/3,Mulberry Hispanic Heritage Festival,Mulberry,active,False,,,https://cityofmulberryfl.org/city-programs/,cityofmulberryfl.org,https://festivalguidesandreviews.com/florida-festivals/
2026-10-03,2026-10-03,10/3,Fall Festival at Plato Academy,St. Petersburg,active,False,,,https://platoacademy.net/event/fall-festival-2026/,platoacademy.net,https://festivalguidesandreviews.com/florida-festivals/
2026-10-03,2026-10-03,10/3,Piertoberfest,St. Petersburg,active,False,,,https://www.facebook.com/events/2946600862339864/,www.facebook.com,https://festivalguidesandreviews.com/florida-festivals/
2026-10-03,2026-10-03,10/3,Rise of the Pyrate Republic,Sebastian,active,False,,,https://www.facebook.com/events/barefoot-blvd-sebastian-fl-32976-united-states/the-rise-of-the-pyrate-republic/26843550675246933/,www.facebook.com,https://festivalguidesandreviews.com/florida-festivals/
2026-10-03,2026-10-03,10/3,Central Florida Peanut Festival,Williston,active,False,,,https://www.facebook.com/profile.php?id=100069017546457,www.facebook.com,https://festivalguidesandreviews.com/florida-festivals/
2026-10-03,2026-10-04,10/3-10/4,Bedner’s Fall Festival II,Boynton Beach,active,False,,,https://bedners.com/fall-festival/,bedners.com,https://festivalguidesandreviews.com/florida-festivals/
2026-10-03,2026-10-04,10/3-10/4,Flamingo Gardens Harvest Festival I,Davie,active,False,,,https://flamingogardens.org/events/,flamingogardens.org,https://festivalguidesandreviews.com/florida-festivals/
2026-10-03,2026-10-04,10/3-10/4,Mayhem Ranch Fall Festival II,Morriston,active,False,,,https://mayhemranchfla.com/event/mayhem-ranch-fall-festival/,mayhemranchfla.com,https://festivalguidesandreviews.com/florida-festivals/
2026-10-03,2026-10-04,10/3-10/4,Fruitville Grove Pumpkin Festival I,Sarasota,active,False,,,https://fruitvillegrovefarm.com/festival/,fruitvillegrovefarm.com,https://festivalguidesandreviews.com/florida-festivals/
2026-10-03,2026-10-04,10/3-10/4,HorsePower For Kids Fall Festival I,Tampa,active,False,,,https://www.facebook.com/HorsePowerforKids/events,www.facebook.com,https://festivalguidesandreviews.com/florida-festivals/
2026-10-03,2026-10-04,10/3-10/4,Arts and Crafts Festival at Brownwood Paddock Square: Fall,The Villages,active,False,,,https://www.thevillagesentertainment.com/festivals-and-special-events/brownwood-arts-crafts-festival-2/,www.thevillagesentertainment.com,https://festivalguidesandreviews.com/florida-festivals/
2026-10-04,2026-10-04,10/4,Taste of Latino: St. Augustine,St. Augustine,active,False,,,https://www.facebook.com/events/1276599440951372,www.facebook.com,https://festivalguidesandreviews.com/florida-festivals/
2026-10-08,2026-10-11,10/8-10/11,Suwannee Roots Revival,Live Oak,active,False,,,http://www.suwanneerootsrevival.com/,www.suwanneerootsrevival.com,https://festivalguidesandreviews.com/florida-festivals/
2026-10-08,2026-10-11,10/8-10/11*,Port Orange Family Days,Port Orange,cancelled,True,,CANCELLED,https://poctrust.org/event/family-days-2025/,poctrust.org,https://festivalguidesandreviews.com/florida-festivals/
2026-10-09,2026-10-09,10/9,A Night of the Mystic Arts,Casselberry,active,False,,,https://historiccasselberry.com/night-of-the-mystic-arts,historiccasselberry.com,https://festivalguidesandreviews.com/florida-festivals/
2026-10-09,2026-10-10,10/9-10/10,239 Punk Ska Reggae Fest,Cape Coral,active,False,,,https://www.facebook.com/239punkskafest,www.facebook.com,https://festivalguidesandreviews.com/florida-festivals/
2026-10-09,2026-10-10,10/9-10/10,Baytowne Wharf Beer Festival at Sandestin,Miramar Beach,active,False,,,http://www.baytownebeerfestival.com/,www.baytownebeerfestival.com,https://festivalguidesandreviews.com/florida-festivals/
2026-10-09,2026-10-10,10/9-10/10,Avalon Park Oktoberfest,Orlando,active,False,,,https://avalonparkorlando.com/festivals/,avalonparkorlando.com,https://festivalguidesandreviews.com/florida-festivals/
2026-10-09,2026-10-10,10/9-10/10,Buona Fortuna Festa Italiana,Pensacola,active,False,,,https://www.facebook.com/sonsofitalybuonafortuna,www.facebook.com,https://festivalguidesandreviews.com/florida-festivals/
2026-10-09,2026-10-11,10/9-10/11,Oktoberfest of the Palm Beaches I,Lake Worth Beach,active,False,,,https://americangermanclub.org/signature-events/oktoberfest/,americangermanclub.org,https://festivalguidesandreviews.com/florida-festivals/
2026-10-09,2026-10-11,10/9-10/11,Serb Fest,Longwood,active,False,,,https://www.facebook.com/StPetka/,www.facebook.com,https://festivalguidesandreviews.com/florida-festivals/
2026-10-09,2026-10-11,10/9-10/11,Oktoberfest Miami I,Miami,active,False,,,https://www.eventbrite.com/e/oktoberfest-miami-2026-the-biggest-german-beer-festival-tickets-1994591970276,www.eventbrite.com,https://festivalguidesandreviews.com/florida-festivals/
2026-10-09,2026-10-11,10/9-10/11,Cotee River Bike Fest,New Port Richey,active,False,,,https://www.facebook.com/coteeriverbikefest/,www.facebook.com,https://festivalguidesandreviews.com/florida-festivals/
2026-10-09,2026-10-11,10/9-10/11,Raprager Family Farm’s Fall Festival IV,Odessa,active,False,,,https://rapragerfarm.com/fall-festival,rapragerfarm.com,https://festivalguidesandreviews.com/florida-festivals/
2026-10-09,2026-10-11,10/9-10/11,Pirates of the High Seas Fest,Panama City Beach,active,False,,,https://www.visitpanamacitybeach.com/pirates-of-the-high-seas/,www.visitpanamacitybeach.com,https://festivalguidesandreviews.com/florida-festivals/
2026-10-09,2026-10-11,10/9-10/11,Oktoberfest Tampa,Tampa,active,False,,,https://www.oktoberfesttampa.com/,www.oktoberfesttampa.com,https://festivalguidesandreviews.com/florida-festivals/
2026-10-09,2026-10-12,10/9-10/12,Fall Festival at Amber Brooke Farms IV,Williston,active,False,,,https://amberbrookefarms.com/,amberbrookefarms.com,https://festivalguidesandreviews.com/florida-festivals/
2026-10-10,2026-10-10,10/10,The Heart and Soul Music Festival,Apopka,active,False,,,https://www.facebook.com/HeartandSoulMusicFestival,www.facebook.com,https://festivalguidesandreviews.com/florida-festivals/
2026-10-10,2026-10-10,10/10,Cowtown BBQ and Country Music Fest,Arcadia,active,False,,,https://www.eventbrite.com/e/cowtown-bbq-country-music-fest-tickets-1989967865454?aff=erelexpmlt,www.eventbrite.com,https://festivalguidesandreviews.com/florida-festivals/
2026-10-10,2026-10-10,10/10,Crystal River Scarecrow Fest,Crystal River,active,False,,,https://www.discovercrystalriverfl.com,www.discovercrystalriverfl.com,https://festivalguidesandreviews.com/florida-festivals/
2026-10-10,2026-10-10,10/10,Pioneer Florida Museum and Village Scarecrow Festival,Dade City,active,False,,,https://www.facebook.com/events/1026333513248735,www.facebook.com,https://festivalguidesandreviews.com/florida-festivals/
2026-10-10,2026-10-10,10/10,Deerfield Beach Fall Festival,Deerfield Beach,active,False,,,https://www.deerfield-beach.com/1407/Fall-Festival,www.deerfield-beach.com,https://festivalguidesandreviews.com/florida-festivals/
2026-10-10,2026-10-10,10/10,German American Society Oktoberfest II,Hollywood,active,False,,,https://www.germanamericanclubhollywood.org,www.germanamericanclubhollywood.org,https://festivalguidesandreviews.com/florida-festivals/
2026-10-10,2026-10-10,10/10,Oktoberfest Indian Rocks Beach,Indian Rocks Beach,active,False,,,https://www.facebook.com/oktoberfestIRB/,www.facebook.com,https://festivalguidesandreviews.com/florida-festivals/
2026-10-10,2026-10-10,10/10,Miami Carnival J’ouvert,Lauderhill,active,False,,,https://miamicarnival.org/events/,miamicarnival.org,https://festivalguidesandreviews.com/florida-festivals/
2026-10-10,2026-10-10,10/10*,Lumberjack Festival,Milton,needs_verification,True,,?,https://www.facebook.com/events/5988-highway-90-milton-fl-32583-1713-united-states/lumberjack-festival-2025/646850058142977/,www.facebook.com,https://festivalguidesandreviews.com/florida-festivals/
2026-10-10,2026-10-10,10/10*,Oktoberfest at Tioga,Newberry,needs_verification,True,,?,https://www.facebook.com/events/1651608048859624,www.facebook.com,https://festivalguidesandreviews.com/florida-festivals/
2026-10-10,2026-10-10,10/10,Orlando Latino Fest,Orlando,active,False,,,https://latinofestusa.com/orlandolatinofest/,latinofestusa.com,https://festivalguidesandreviews.com/florida-festivals/
2026-10-10,2026-10-10,10/10,Ormond Beer Beach Festival,Ormond Beach,active,False,,,https://ormondbeachbeerfestival.com,ormondbeachbeerfestival.com,https://festivalguidesandreviews.com/florida-festivals/
2026-10-10,2026-10-10,10/10,Taste of the Beach,Pensacola Beach,active,False,,,https://www.pensacolabeachchamber.com/event-detail/p3Q|VCOYs0ojtq450igETQ2/taste-of-the-beach-festival,www.pensacolabeachchamber.com,https://festivalguidesandreviews.com/florida-festivals/
2026-10-10,2026-10-10,10/10,Fishermen’s Village International Culture Fest,Punta Gorda,active,False,,,https://www.fishermensvillage.com/events,www.fishermensvillage.com,https://festivalguidesandreviews.com/florida-festivals/
2026-10-10,2026-10-10,10/10,Sanford Street Fest,Sanford,active,False,,,https://www.sanfordstreetfest.com/,www.sanfordstreetfest.com,https://festivalguidesandreviews.com/florida-festivals/
2026-10-10,2026-10-10,10/10,Celtoberfest,Sarasota,active,False,,,https://www.facebook.com/newworldceltssarasota/,www.facebook.com,https://festivalguidesandreviews.com/florida-festivals/
2026-10-10,2026-10-10,10/10,ROCKtoberfest,Sarasota,active,False,,,https://destinationdowntownsarasota.com/rocktoberfest/,destinationdowntownsarasota.com,https://festivalguidesandreviews.com/florida-festivals/
2026-10-10,2026-10-10,10/10,North Central Florida Rocktoberfest,Williston,active,False,,,https://www.facebook.com/events/809436608593259,www.facebook.com,https://festivalguidesandreviews.com/florida-festivals/
2026-10-10,2026-10-11,10/10-10/11,Bedner’s Fall Festival III,Boynton Beach,active,False,,,https://bedners.com/fall-festival/,bedners.com,https://festivalguidesandreviews.com/florida-festivals/
2026-10-10,2026-10-11,10/10-10/11,Hunsader Farms Pumpkin Festival I,Bradenton,active,False,,,https://www.hunsaderfarms.com/pumpkin-festival,www.hunsaderfarms.com,https://festivalguidesandreviews.com/florida-festivals/
2026-10-10,2026-10-11,10/10-10/11,Flamingo Gardens Harvest Festival II,Davie,active,False,,,https://flamingogardens.org/events/,flamingogardens.org,https://festivalguidesandreviews.com/florida-festivals/
2026-10-10,2026-10-11,10/10-10/11,Mayhem Ranch Fall Festival III,Morriston,active,False,,,https://mayhemranchfla.com/event/mayhem-ranch-fall-festival/,mayhemranchfla.com,https://festivalguidesandreviews.com/florida-festivals/
2026-10-10,2026-10-11,10/10-10/11,Dakin Dairy Farms Harvest Festival I,Myakka City,active,False,,,https://dakindairyfarms.com/,dakindairyfarms.com,https://festivalguidesandreviews.com/florida-festivals/
2026-10-10,2026-10-11,10/10-10/11,Orlando Fire and Flavor Festival,Orlando,active,False,,,https://www.facebook.com/events/2085549756179485/,www.facebook.com,https://festivalguidesandreviews.com/florida-festivals/
2026-10-10,2026-10-11,10/10-10/11,Forgotten Music Festival,Port St. Joe,active,False,,,https://www.facebook.com/ForgottenMusicFestival,www.facebook.com,https://festivalguidesandreviews.com/florida-festivals/
2026-10-10,2026-10-11,10/10-10/11,Fruitville Grove Pumpkin Festival II,Sarasota,active,False,,,https://fruitvillegrovefarm.com/festival/,fruitvillegrovefarm.com,https://festivalguidesandreviews.com/florida-festivals/
2026-10-10,2026-10-11,10/10-10/11,St. Augustine Greek Fest,St. Augustine,active,False,,,https://www.staugustinegreekfestival.com/,www.staugustinegreekfestival.com,https://festivalguidesandreviews.com/florida-festivals/
2026-10-10,2026-10-11,10/10-10/11,St. Pete Pier Fall Festival,St. Petersburg,active,False,,,https://www.facebook.com/events/1107335341643454,www.facebook.com,https://festivalguidesandreviews.com/florida-festivals/
2026-10-10,2026-10-11,10/10-10/11,HorsePower For Kids Fall Festival II,Tampa,active,False,,,https://www.facebook.com/HorsePowerforKids/events,www.facebook.com,https://festivalguidesandreviews.com/florida-festivals/
2026-10-11,2026-10-11,10/11*,Black Willow Fall Festival,Mims,needs_verification,True,,?,https://www.facebook.com/blackwillowranchvenue,www.facebook.com,https://festivalguidesandreviews.com/florida-festivals/
2026-10-11,2026-10-11,10/11,Flora-Bama Oktoberfest,Perdido Key,active,False,,,https://www.florabama.com/oktoberfest,www.florabama.com,https://festivalguidesandreviews.com/florida-festivals/
2026-10-11,2026-10-11,10/11,Sanford Food Truck Fiesta X,Sanford,active,False,,,https://sanfordfl.gov/event-calendar/,sanfordfl.gov,https://festivalguidesandreviews.com/florida-festivals/
2026-10-14,2026-10-18,10/14-10/18,Sacred Heart Fall Festival,Pinellas Park,active,False,,,https://www.facebook.com/profile.php?id=100057483938586,www.facebook.com,https://festivalguidesandreviews.com/florida-festivals/
2026-10-15,2026-10-18,10/15-10/18,Clearwater Jazz Holiday,Clearwater,active,False,,,https://www.clearwaterjazz.com/,www.clearwaterjazz.com,https://festivalguidesandreviews.com/florida-festivals/
2026-10-15,2026-10-18,10/15-10/18,Biketoberfest,Daytona Beach,active,False,,,https://www.daytonabeach.com/biketoberfest/,www.daytonabeach.com,https://festivalguidesandreviews.com/florida-festivals/
2026-10-15,2026-10-18,10/15-10/18,Our Lady of Lourdes Fall Festival,Dunedin,active,False,,,https://ollfallfestival.com/,ollfallfestival.com,https://festivalguidesandreviews.com/florida-festivals/
2026-10-15,2026-10-18,10/15-10/18,Oktoberfest at Fort Myers Brewing Company,Fort Myers,active,False,,,https://www.facebook.com/events/1403069331959938,www.facebook.com,https://festivalguidesandreviews.com/florida-festivals/
2026-10-15,2026-10-18,10/15-10/18,Blast on the Bay,Port St. Joe,active,False,,,https://blastonthebay.com/,blastonthebay.com,https://festivalguidesandreviews.com/florida-festivals/
2026-10-16,2026-10-17,10/16-10/17,Celebration Rocktoberfest,Celebration,active,False,,,https://celebrationtowncenter.com/upcoming-events/,celebrationtowncenter.com,https://festivalguidesandreviews.com/florida-festivals/
2026-10-16,2026-10-17,10/16-10/17,Beaches Oktoberfest,Jacksonville Beach,active,False,,,http://www.beachesoktoberfest.com/,www.beachesoktoberfest.com,https://festivalguidesandreviews.com/florida-festivals/
2026-10-16,2026-10-17,10/16-10/17,Key West Goombay Festival,Key West,active,False,,,https://www.facebook.com/keywestgoombay2018/,www.facebook.com,https://festivalguidesandreviews.com/florida-festivals/
2026-10-16,2026-10-17,10/16-10/17,III Points,Miami,active,False,,,https://www.miamiandbeaches.com/event/iii-points-festival/11099,www.miamiandbeaches.com,https://festivalguidesandreviews.com/florida-festivals/
2026-10-16,2026-10-17,10/16-10/17*,Pinoy OktoberFest,Orlando,needs_verification,True,,?,https://asiatrend.org/event/pinoy-oktoberfest-in-orlando/,asiatrend.org,https://festivalguidesandreviews.com/florida-festivals/
2026-10-16,2026-10-18,10/16-10/18,Camping with the Blues,Brooksville,active,False,,,https://www.campingwiththeblues.com/,www.campingwiththeblues.com,https://festivalguidesandreviews.com/florida-festivals/
2026-10-16,2026-10-18,10/16-10/18,Cape Coral Oktoberfest I,Cape Coral,active,False,,,http://www.capecoraloktoberfest.com/,www.capecoraloktoberfest.com,https://festivalguidesandreviews.com/florida-festivals/
2026-10-16,2026-10-18,10/16-10/18,Fantasy Fest I,Key West,active,False,,,https://www.fantasyfest.com/,www.fantasyfest.com,https://festivalguidesandreviews.com/florida-festivals/
2026-10-16,2026-10-18,10/16-10/18,Oktoberfest of the Palm Beaches II,Lake Worth Beach,active,False,,,https://americangermanclub.org/signature-events/oktoberfest/,americangermanclub.org,https://festivalguidesandreviews.com/florida-festivals/
2026-10-16,2026-10-18,10/16-10/18,Saints Markella and Demetrios Greek Festival,Mary Esther,active,False,,,https://www.greekfestfwb.com/,www.greekfestfwb.com,https://festivalguidesandreviews.com/florida-festivals/
2026-10-16,2026-10-18,10/16-10/18,Oktoberfest Miami II,Miami,active,False,,,https://www.eventbrite.com/e/oktoberfest-miami-2026-the-biggest-german-beer-festival-tickets-1994591970276,www.eventbrite.com,https://festivalguidesandreviews.com/florida-festivals/
2026-10-16,2026-10-18,10/16-10/18,Raprager Family Farm’s Fall Festival V,Odessa,active,False,,,https://rapragerfarm.com/fall-festival,rapragerfarm.com,https://festivalguidesandreviews.com/florida-festivals/
2026-10-16,2026-10-18,10/16-10/18,Panama City Beach Oktoberfest,Panama City Beach,active,False,,,https://pcboktoberfest.com,pcboktoberfest.com,https://festivalguidesandreviews.com/florida-festivals/
2026-10-16,2026-10-18,10/16-10/18,Vintage Market Days of Metro Tampa,Plant City,active,False,,,https://vintagemarketdays.com/market/metro-tampa/,vintagemarketdays.com,https://festivalguidesandreviews.com/florida-festivals/
2026-10-16,2026-10-18,10/16-10/18,Upper Tampa Bay Oktoberfest,Tampa,active,False,,,https://business.utbchamber.com/community-calendar/Details/upper-tampa-bay-oktoberfest-2026-1728396?sourceTypeId=Hub,business.utbchamber.com,https://festivalguidesandreviews.com/florida-festivals/
2026-10-16,2026-10-18,10/16-10/18,Fall Festival at Amber Brooke Farms V,Williston,active,False,,,https://amberbrookefarms.com/,amberbrookefarms.com,https://festivalguidesandreviews.com/florida-festivals/
2026-10-17,2026-10-17,10/17,BBQ from the Hart,Bell,active,False,,,https://bbqfromthehart.com/,bbqfromthehart.com,https://festivalguidesandreviews.com/florida-festivals/
2026-10-17,2026-10-17,10/17,Bushnell Fall Festival,Bushnell,active,False,,,https://www.facebook.com/profile.php?id=100057516375461,www.facebook.com,https://festivalguidesandreviews.com/florida-festivals/
2026-10-17,2026-10-17,10/17,Cedar Key Seafood Festival,Cedar Key,active,False,,,https://www.cedarkey.org/events/,www.cedarkey.org,https://festivalguidesandreviews.com/florida-festivals/
2026-10-17,2026-10-17,10/17,Smokin’ in the Square BBQ Cookoff,Gulf Breeze,active,False,,,https://www.smokininthesquare.org/,www.smokininthesquare.org,https://festivalguidesandreviews.com/florida-festivals/
2026-10-17,2026-10-17,10/17,McIntosh 1890 Festival,McIntosh,active,False,,,https://www.mcintosh-1890s-festival.com/,www.mcintosh-1890s-festival.com,https://festivalguidesandreviews.com/florida-festivals/
2026-10-17,2026-10-17,10/17,Delaney Baptist Church Fall Festival,Orlando,active,False,,,https://www.delaneychurch.com/events/,www.delaneychurch.com,https://festivalguidesandreviews.com/florida-festivals/
2026-10-17,2026-10-17,10/17,Orlando International Dragon Boat Festival,Orlando,active,False,,,https://gwndragonboat.com/festivals/orlando-international-dragon-boat-festival/,gwndragonboat.com,https://festivalguidesandreviews.com/florida-festivals/
2026-10-17,2026-10-17,10/17,Reggae and Food Festival,Palm Bay,active,False,,,https://www.kingtappamusic.com/reggae-food-music-festival,www.kingtappamusic.com,https://festivalguidesandreviews.com/florida-festivals/
2026-10-17,2026-10-17,10/17,Big Mama’s Collard Greens Fest,Sarasota,active,False,,,https://www.facebook.com/events/1304114401476495,www.facebook.com,https://festivalguidesandreviews.com/florida-festivals/
2026-10-17,2026-10-17,10/17,Sarasota Water Lantern Festival,Sarasota,active,False,,,https://www.waterlanternfestival.com/events/sarasota,www.waterlanternfestival.com,https://festivalguidesandreviews.com/florida-festivals/
2026-10-17,2026-10-17,10/17,Good Folk Fest,St. Petersburg,active,False,,,https://www.creativeclay.org/good-folk-fest,www.creativeclay.org,https://festivalguidesandreviews.com/florida-festivals/
2026-10-17,2026-10-17,10/17,Tampa Pig Jig,Tampa,active,False,,,https://www.tampapigjig.com/,www.tampapigjig.com,https://festivalguidesandreviews.com/florida-festivals/
2026-10-17,2026-10-17,10/17*,Viera Harvest Festival,Viera,needs_verification,True,,?,https://viera.com/events/viera-harvest-festival-2/,viera.com,https://festivalguidesandreviews.com/florida-festivals/
2026-10-17,2026-10-17,10/17,Wellington’s Fall Festival,Wellington,active,False,,,https://www.wellingtonfl.gov/660/Fall-Festival,www.wellingtonfl.gov,https://festivalguidesandreviews.com/florida-festivals/
2026-10-17,2026-10-18,10/17-10/18,Bedner’s Fall Festival IV,Boynton Beach,active,False,,,https://bedners.com/fall-festival/,bedners.com,https://festivalguidesandreviews.com/florida-festivals/
2026-10-17,2026-10-18,10/17-10/18,Hunsader Farms Pumpkin Festival II,Bradenton,active,False,,,https://www.hunsaderfarms.com/pumpkin-festival,www.hunsaderfarms.com,https://festivalguidesandreviews.com/florida-festivals/
2026-10-17,2026-10-18,10/17-10/18,Cocoa Village Art and Craft Fair III,Cocoa,active,False,,,https://visitcocoavillage.com/events/art-craft-fairs,visitcocoavillage.com,https://festivalguidesandreviews.com/florida-festivals/
2026-10-17,2026-10-18,10/17-10/18,Flamingo Gardens Harvest Festival III,Davie,active,False,,,https://flamingogardens.org/events/,flamingogardens.org,https://festivalguidesandreviews.com/florida-festivals/
2026-10-17,2026-10-18,10/17-10/18,MTI Country Fest,Melbourne,active,False,,,https://vieracountryfest.com/,vieracountryfest.com,https://festivalguidesandreviews.com/florida-festivals/
2026-10-17,2026-10-18,10/17-10/18,Mayhem Ranch Fall Festival IV,Morriston,active,False,,,https://mayhemranchfla.com/event/mayhem-ranch-fall-festival/,mayhemranchfla.com,https://festivalguidesandreviews.com/florida-festivals/
2026-10-17,2026-10-18,10/17-10/18,Dakin Dairy Farms Harvest Festival II,Myakka City,active,False,,,https://dakindairyfarms.com/,dakindairyfarms.com,https://festivalguidesandreviews.com/florida-festivals/
2026-10-17,2026-10-18,10/17-10/18,Orange Park Fall Festival,Orange Park,active,False,,,https://opfallfestival.com/,opfallfestival.com,https://festivalguidesandreviews.com/florida-festivals/
2026-10-17,2026-10-18,10/17-10/18,Fruitville Grove Pumpkin Festival III,Sarasota,active,False,,,https://fruitvillegrovefarm.com/festival/,fruitvillegrovefarm.com,https://festivalguidesandreviews.com/florida-festivals/
2026-10-17,2026-10-18,10/17-10/18,HorsePower For Kids Fall Festival III,Tampa,active,False,,,https://www.facebook.com/HorsePowerforKids/events,www.facebook.com,https://festivalguidesandreviews.com/florida-festivals/
2026-10-18,2026-10-18,10/18,Taste of Ormond,Ormond Beach,active,False,,,https://www.facebook.com/events/1936104623692173,www.facebook.com,https://festivalguidesandreviews.com/florida-festivals/
2026-10-19,2026-10-25,10/19-10/25,Fantasy Fest II,Key West,active,False,,,https://www.fantasyfest.com/,www.fantasyfest.com,https://festivalguidesandreviews.com/florida-festivals/
2026-10-21,2026-10-24,10/21-10/24,South Beach Seafood Festival,Miami Beach,active,False,,,https://sobeseafoodfest.com/,sobeseafoodfest.com,https://festivalguidesandreviews.com/florida-festivals/
2026-10-21,2026-10-25,10/21-10/25,Thunder Beach Autumn Rally,Panama City Beach,active,False,,,https://thunderbeachproductions.com/,thunderbeachproductions.com,https://festivalguidesandreviews.com/florida-festivals/
2026-10-22,2026-10-25,10/22-10/25,Suwannee Hulaween,Live Oak,active,False,,,https://suwanneehulaween.com/,suwanneehulaween.com,https://festivalguidesandreviews.com/florida-festivals/
2026-10-23,2026-10-24,10/23-10/24,Tallahassee Greek Food Festival,Tallahassee,active,False,,,https://tallahasseegreekfoodfest.blog/,tallahasseegreekfoodfest.blog,https://festivalguidesandreviews.com/florida-festivals/
2026-10-23,2026-10-25,10/23-10/25,Cape Coral Oktoberfest II,Cape Coral,active,False,,,http://www.capecoraloktoberfest.com/,www.capecoraloktoberfest.com,https://festivalguidesandreviews.com/florida-festivals/
2026-10-23,2026-10-25,10/23-10/25,Clearwater GreekFest,Clearwater,active,False,,,https://www.facebook.com/ClearwaterGreekFest/,www.facebook.com,https://festivalguidesandreviews.com/florida-festivals/
2026-10-23,2026-10-25,10/23-10/25,The Fest,Gainesville,active,False,,,https://thefestfl.com/,thefestfl.com,https://festivalguidesandreviews.com/florida-festivals/
2026-10-23,2026-10-25,10/23-10/25,St. Benedict Blues Festival,Green Cove Springs,active,False,,,https://www.facebook.com/StBenedicttheMoorBluesFest,www.facebook.com,https://festivalguidesandreviews.com/florida-festivals/
2026-10-23,2026-10-25,10/23-10/25,John’s Pass Seafood Festival,Madeira Beach,active,False,,,https://pinellasbeacheschamber.org/event/johns-pass-seafood-festival-4/,pinellasbeacheschamber.org,https://festivalguidesandreviews.com/florida-festivals/
2026-10-23,2026-10-25,10/23-10/25,St. Luke Annual Festival,Middleburg,active,False,,,https://stlukesparish.org/st-luke-annual-festival,stlukesparish.org,https://festivalguidesandreviews.com/florida-festivals/
2026-10-23,2026-10-25,10/23-10/25,Stone Crab Festival,Naples,active,False,,,https://www.stonecrabfestival.com/,www.stonecrabfestival.com,https://festivalguidesandreviews.com/florida-festivals/
2026-10-23,2026-10-25,10/23-10/25,Raprager Family Farm’s Fall Festival VI,Odessa,active,False,,,https://rapragerfarm.com/fall-festival,rapragerfarm.com,https://festivalguidesandreviews.com/florida-festivals/
2026-10-23,2026-10-25,10/23-10/25,Fall Festival at Amber Brooke Farms VI,Williston,active,False,,,https://amberbrookefarms.com/,amberbrookefarms.com,https://festivalguidesandreviews.com/florida-festivals/
2026-10-24,2026-10-24,10/24,Orlando’s Original Oktoberfest II,Casselberry,active,False,,,https://www.orlandogermanclub.com/events/,www.orlandogermanclub.com,https://festivalguidesandreviews.com/florida-festivals/
2026-10-24,2026-10-24,10/24,Pioneers and Beers,Dade City,active,False,,,https://www.facebook.com/events/1336416895117165,www.facebook.com,https://festivalguidesandreviews.com/florida-festivals/
2026-10-24,2026-10-24,10/24,GHOULapalooza,Daytona Beach,active,False,,,https://roguewaveevents.com/,roguewaveevents.com,https://festivalguidesandreviews.com/florida-festivals/
2026-10-24,2026-10-24,10/24,Brazilian Festival,Deerfield Beach,active,False,,,https://brazilianfestival.org/southflorida/,brazilianfestival.org,https://festivalguidesandreviews.com/florida-festivals/
2026-10-24,2026-10-24,10/24,Chautauqua Winery’s Harvest Festival,DeFuniak Springs,active,False,,,https://chautauquawinery.com/harvest-festival-2026,chautauquawinery.com,https://festivalguidesandreviews.com/florida-festivals/
2026-10-24,2026-10-24,10/24,Florida Bat Fest,Gainesville,active,False,,,https://www.lubee.org/flbatfestival,www.lubee.org,https://festivalguidesandreviews.com/florida-festivals/
2026-10-24,2026-10-24,10/24,German American Society Oktoberfest III,Hollywood,active,False,,,https://www.germanamericanclubhollywood.org,www.germanamericanclubhollywood.org,https://festivalguidesandreviews.com/florida-festivals/
2026-10-24,2026-10-24,10/24*,Jupiter Farms Residents Fall Family Music Fest,Jupiter,needs_verification,True,,?,https://www.facebook.com/JupiterFarmsMusicFestival/,www.facebook.com,https://festivalguidesandreviews.com/florida-festivals/
2026-10-24,2026-10-24,10/24,Margate Fall Festival,Margate,active,False,,,https://www.margatefl.com/522/Fall-Festival,www.margatefl.com,https://festivalguidesandreviews.com/florida-festivals/
2026-10-24,2026-10-24,10/24,Fine Craft and Arts Festival,Monticello,active,False,,,https://www.facebook.com/jeffersonartsgallery.jag,www.facebook.com,https://festivalguidesandreviews.com/florida-festivals/
2026-10-24,2026-10-24,10/24,Mulberry Harvest Festival,Mulberry,active,False,,,https://www.cityofmulberryfl.org/city-programs,www.cityofmulberryfl.org,https://festivalguidesandreviews.com/florida-festivals/
2026-10-24,2026-10-24,10/24,Caribbean Culture Fest,North Miami,active,False,,,https://www.facebook.com/caribbeanculturefest/,www.facebook.com,https://festivalguidesandreviews.com/florida-festivals/
2026-10-24,2026-10-24,10/24,Central Florida Veg Fest,Orlando,active,False,,,http://www.cfvegfest.org/,www.cfvegfest.org,https://festivalguidesandreviews.com/florida-festivals/
2026-10-24,2026-10-24,10/24,Palm Bay Fall Fest,Palm Bay,active,False,,,https://www.palmbayfl.gov/Home/Components/Calendar/Event/18565/19?curm=10&cury=2025,www.palmbayfl.gov,https://festivalguidesandreviews.com/florida-festivals/
2026-10-24,2026-10-24,10/24,Puerto Rican Day Parade and Multicultural Festival,Palm Bay,active,False,,,https://www.facebook.com/UTBUnitedThirdBridgeInc,www.facebook.com,https://festivalguidesandreviews.com/florida-festivals/
2026-10-24,2026-10-24,10/24,Palm Beach Gardens Fall Festival,Palm Beach Gardens,active,False,,,https://www.pbgfl.com/743/Fall-Festival,www.pbgfl.com,https://festivalguidesandreviews.com/florida-festivals/
2026-10-24,2026-10-24,10/24,Florida Forest Festival,Perry,active,False,,,https://www.facebook.com/FloridaForestFestival,www.facebook.com,https://festivalguidesandreviews.com/florida-festivals/
2026-10-24,2026-10-24,10/24,Pioneer Heritage Day,Plant City,active,False,,,https://www.facebook.com/events/1914-plant-city-high-school-community-center-605-n-collins-st-plant-city-fl-unit/49th-annual-pioneer-day-plant-city/1785684302782885/,www.facebook.com,https://festivalguidesandreviews.com/florida-festivals/
2026-10-24,2026-10-24,10/24*,St. Mary Fall Festival,Rockledge,active,True,,,https://www.facebook.com/StMarySchoolRockledge,www.facebook.com,https://festivalguidesandreviews.com/florida-festivals/
2026-10-24,2026-10-24,10/24,Gulfcoast Pride Festival,Sarasota,active,False,,,https://www.facebook.com/SarasotaPride,www.facebook.com,https://festivalguidesandreviews.com/florida-festivals/
2026-10-24,2026-10-24,10/24,St. Marks Crafts and Drafts Brewfest,St. Marks,active,False,,,https://www.facebook.com/profile.php?id=100090818422416,www.facebook.com,https://festivalguidesandreviews.com/florida-festivals/
2026-10-24,2026-10-24,10/24,Main Street Zephyrhills Halloween Howl,Zephyrhills,active,False,,,https://www.mainstreetzephyrhillsevents.org/event-details/msz-halloween-howl-2026,www.mainstreetzephyrhillsevents.org,https://festivalguidesandreviews.com/florida-festivals/
2026-10-24,2026-10-25,10/24-10/25,Bedner’s Fall Festival V,Boynton Beach,active,False,,,https://bedners.com/fall-festival/,bedners.com,https://festivalguidesandreviews.com/florida-festivals/
2026-10-24,2026-10-25,10/24-10/25,Hunsader Farms Pumpkin Festival III,Bradenton,active,False,,,https://www.hunsaderfarms.com/pumpkin-festival,www.hunsaderfarms.com,https://festivalguidesandreviews.com/florida-festivals/
2026-10-24,2026-10-25,10/24-10/25,Flamingo Gardens Harvest Festival IV,Davie,active,False,,,https://flamingogardens.org/events/,flamingogardens.org,https://festivalguidesandreviews.com/florida-festivals/
2026-10-24,2026-10-25,10/24-10/25,MKAF Festival of the Arts,Destin,active,False,,,https://mkaf.org/festival-of-arts/,mkaf.org,https://festivalguidesandreviews.com/florida-festivals/
2026-10-24,2026-10-25,10/24-10/25,Romanian Fall Festival,Jacksonville,active,False,,,https://www.facebook.com/photo/?fbid=2197434047852178&set=a.117794255816178,www.facebook.com,https://festivalguidesandreviews.com/florida-festivals/
2026-10-24,2026-10-25,10/24-10/25,Lake Wales History Museum’s Pioneer Days Festival,Lake Wales,active,False,,,https://www.lakewaleshistory.org/pioneerdays,www.lakewaleshistory.org,https://festivalguidesandreviews.com/florida-festivals/
2026-10-24,2026-10-25,10/24-10/25,Wesley Chapel Fall Festival,Lutz,active,False,,,https://floridapenguinproductions.com/upcoming-events-list,floridapenguinproductions.com,https://festivalguidesandreviews.com/florida-festivals/
2026-10-24,2026-10-25,10/24-10/25,Mayhem Ranch Fall Festival V,Morriston,active,False,,,https://mayhemranchfla.com/event/mayhem-ranch-fall-festival/,mayhemranchfla.com,https://festivalguidesandreviews.com/florida-festivals/
2026-10-24,2026-10-25,10/24-10/25,Dakin Dairy Farms Harvest Festival III,Myakka City,active,False,,,https://dakindairyfarms.com/,dakindairyfarms.com,https://festivalguidesandreviews.com/florida-festivals/
2026-10-24,2026-10-25,10/24-10/25,Mount Dora Craft Fair,Mount Dora,active,False,,,https://mtdoracraftfair.com/,mtdoracraftfair.com,https://festivalguidesandreviews.com/florida-festivals/
2026-10-24,2026-10-25,10/24-10/25,Naples Fine Art Show II,Naples,active,False,,,https://hotworks.org/events-hot-works/,hotworks.org,https://festivalguidesandreviews.com/florida-festivals/
2026-10-24,2026-10-25,10/24-10/25,Ocala Fine Arts Festival,Ocala,active,False,,,https://fafo.org/festival,fafo.org,https://festivalguidesandreviews.com/florida-festivals/
2026-10-24,2026-10-25,10/24-10/25,Fruitville Grove Pumpkin Festival IV,Sarasota,active,False,,,https://fruitvillegrovefarm.com/festival/,fruitvillegrovefarm.com,https://festivalguidesandreviews.com/florida-festivals/
2026-10-24,2026-10-25,10/24-10/25,HorsePower For Kids Fall Festival IV,Tampa,active,False,,,https://www.facebook.com/HorsePowerforKids/events,www.facebook.com,https://festivalguidesandreviews.com/florida-festivals/
2026-10-25,2026-10-25,10/25,Fiesta Calle Orange,Orlando,active,False,,,https://www.facebook.com/profile.php?id=61559042842102,www.facebook.com,https://festivalguidesandreviews.com/florida-festivals/
2026-10-25,2026-10-25,10/25*,Hometown Halloween,The Villages,active,True,,,https://www.facebook.com/events/4214200935465054/?acontext=%7B%22action_history%22%3A%22null%22%7D&ref_source=newsfeed&ref_mechanism=feed_attachment&_rdr,www.facebook.com,https://festivalguidesandreviews.com/florida-festivals/
2026-10-29,2026-11-01,10/29-11/1,Foo Foo Festival I,Pensacola,active,False,,,https://www.foofoofest.com/,www.foofoofest.com,https://festivalguidesandreviews.com/florida-festivals/
2026-10-29,2026-11-01,10/29-11/1,Sarasota Fall Festival and Carnival at The Mall at UTC,Sarasota,active,False,,,https://www.facebook.com/events/1047552924852140,www.facebook.com,https://festivalguidesandreviews.com/florida-festivals/
2026-10-30,2026-10-31,10/30-10/31,Haunted Fest,St. Petersburg,active,False,,,https://www.breakawayfestival.com/haunted-fest-2026,www.breakawayfestival.com,https://festivalguidesandreviews.com/florida-festivals/
2026-10-30,2026-11-01,10/30-11/1,Cedar Key Pirate Invasion,Cedar Key,active,False,,,https://www.facebook.com/CedarKeyPirateInvasion/,www.facebook.com,https://festivalguidesandreviews.com/florida-festivals/
2026-10-31,2026-11-01,10/31-11/1,HorsePower For Kids Fall Festival V,Tampa,active,False,,,https://www.facebook.com/HorsePowerforKids/events,www.facebook.com,https://festivalguidesandreviews.com/florida-festivals/
2026-10-30,2026-11-01,10/30-11/1,Fall Festival at Amber Brooke Farms VII,Williston,active,False,,,https://amberbrookefarms.com/,amberbrookefarms.com,https://festivalguidesandreviews.com/florida-festivals/
2026-10-31,2026-10-31,10/31,Downtown Clermont Harvest Festival,Clermont,active,False,,,https://www.clermontdowntown.com/events/2025-clermont-harvest-festival-cb6sc,www.clermontdowntown.com,https://festivalguidesandreviews.com/florida-festivals/
2026-10-31,2026-10-31,10/31,Crestview Fall Festival,Crestview,active,False,,,https://www.facebook.com/events/1709211597058664,www.facebook.com,https://festivalguidesandreviews.com/florida-festivals/
2026-10-31,2026-10-31,10/31,Edison and Ford Winter Estates Fall Festival,Fort Myers,active,False,,,https://www.facebook.com/events/1646687330455813,www.facebook.com,https://festivalguidesandreviews.com/florida-festivals/
2026-10-31,2026-10-31,10/31,Campbellton’s Fall Festival,Graceville,active,False,,,https://www.facebook.com/events/1805863914165604/,www.facebook.com,https://festivalguidesandreviews.com/florida-festivals/
2026-10-31,2026-10-31,10/31,Howey Artisan Market at Mission Resort and Club VII,Howey in the Hills,active,False,,,https://www.facebook.com/events/1618016786356990/1618018013023534/,www.facebook.com,https://festivalguidesandreviews.com/florida-festivals/
2026-10-31,2026-10-31,10/31,LagoonFest,Lake Worth,active,False,,,https://www.thepalmbeaches.com/lagoonfest,www.thepalmbeaches.com,https://festivalguidesandreviews.com/florida-festivals/
2026-10-31,2026-10-31,10/31,Sunland Fall Festival,Marianna,active,False,,,https://www.facebook.com/events/1507492358066244/,www.facebook.com,https://festivalguidesandreviews.com/florida-festivals/
2026-10-31,2026-10-31,10/31*,First Baptist Church Fall Festival,New Port Richey,active,True,,,https://www.facebook.com/events/1848256449062185,www.facebook.com,https://festivalguidesandreviews.com/florida-festivals/
2026-10-31,2026-10-31,10/31*,Safety Harbor Wine Festival,Safety Harbor,active,True,,,https://www.cityofsafetyharbor.com/Calendar.aspx?EID=22346&month=4&year=2025&day=22&calType=0,www.cityofsafetyharbor.com,https://festivalguidesandreviews.com/florida-festivals/
2026-10-31,2026-10-31,10/31,Fall Festival at the Rock of Central Florida,Sanford,active,False,,,https://wearetherockofcf.org/event/r9gqpnk/fall-festival,wearetherockofcf.org,https://festivalguidesandreviews.com/florida-festivals/
2026-10-31,2026-10-31,10/31,India Festival Tampa,Tampa,active,False,,,https://indiafesttampa.com/,indiafesttampa.com,https://festivalguidesandreviews.com/florida-festivals/
2026-10-31,2026-11-01,10/31-11/1,Bedner’s Fall Festival VI,Boynton Beach,active,False,,,https://bedners.com/fall-festival/,bedners.com,https://festivalguidesandreviews.com/florida-festivals/
2026-10-31,2026-11-01,10/31-11/1,Boynton Beach Pirate Fest,Boynton Beach,active,False,,,https://www.boynton-beach.org/657/Pirate-Fest,www.boynton-beach.org,https://festivalguidesandreviews.com/florida-festivals/
2026-10-31,2026-11-01,10/31-11/1,Micanopy Fall Festival,Micanopy,active,False,,,https://micanopyfallfestival.org/,micanopyfallfestival.org,https://festivalguidesandreviews.com/florida-festivals/
2026-10-31,2026-11-01,10/31-11/1,Mayhem Ranch Fall Festival VI,Morriston,active,False,,,https://mayhemranchfla.com/event/mayhem-ranch-fall-festival/,mayhemranchfla.com,https://festivalguidesandreviews.com/florida-festivals/
2026-10-31,2026-11-01,10/31-11/1,Fruitville Grove Pumpkin Festival V,Sarasota,active,False,,,https://fruitvillegrovefarm.com/festival/,fruitvillegrovefarm.com,https://festivalguidesandreviews.com/florida-festivals/
2026-10-31,2026-11-01,10/31-11/1*,Lady of the Lakes Renaissance Faire I,Tavares,cancelled,True,,CANCELLED,https://lakerenfaire.com/,lakerenfaire.com,https://festivalguidesandreviews.com/florida-festivals/
2026-11-05,2026-11-08,11/5-11/8,Hillborough County Fair I,Dover,active,False,,,https://www.hillsboroughcountyfair.com/,www.hillsboroughcountyfair.com,https://festivalguidesandreviews.com/florida-festivals/
2026-11-02,2026-11-09,11/2-11/9,Foo Foo Festival II,Pensacola,active,False,,,https://www.foofoofest.com/,www.foofoofest.com,https://festivalguidesandreviews.com/florida-festivals/
2026-11-05,2026-11-08,11/5-11/8*,St. Jude Fall Festival,Boca Raton,active,True,,,https://stjudeboca.ticketspice.com/st-jude-2025-fall-festival,stjudeboca.ticketspice.com,https://festivalguidesandreviews.com/florida-festivals/
2026-11-05,2026-11-08,11/5-11/8,The Seaside Seeing Red Wine Festival,Sebring,active,False,,,https://seasideseeingred.com/,seasideseeingred.com,https://festivalguidesandreviews.com/florida-festivals/
2026-11-06,2026-11-07,11/6-11/7,Florida Seafood Festival,Apalachicola,active,False,,,https://www.floridaseafoodfestival.com/,www.floridaseafoodfestival.com,https://festivalguidesandreviews.com/florida-festivals/
2026-11-06,2026-11-07,11/6-11/7,Annunciation Fall Festival,Altamonte Springs,active,False,,,https://annunciationorlando.org/fallfestival/,annunciationorlando.org,https://festivalguidesandreviews.com/florida-festivals/
2026-11-06,2026-11-07,11/6-11/7*,Festival of the Skeletons,Bradenton,active,True,,,https://www.facebook.com/villageofthearts,www.facebook.com,https://festivalguidesandreviews.com/florida-festivals/
2026-11-06,2026-11-07,11/6-11/7,American Indigenous Arts Celebration,Clewiston,active,False,,,https://www.ahtahthiki.com/aiac/,www.ahtahthiki.com,https://festivalguidesandreviews.com/florida-festivals/
2026-11-06,2026-11-07,11/6-11/7*,Night Garden I,Coral Gables,active,True,,,https://feverup.com/m/491532?utm_content=780244245804&utm_medium=sc_brand&utm_campaign=491506_mia&gad_campaignid=23173787680&gclid=CjwKCAjw04HIBhB8EiwA8jGNbXHoEt-s_uMH1wqBzn5wxPtOGkhhTponDbM_VZF5qwpKCm7cQoK0QRoCpcwQAvD_BwE&gbraid=0AAAAADGO9U_IEXlWA6nbQsNUGagujcODy&utm_term=night%20garden%20miami_p&gad_source=1&utm_source=google,feverup.com,https://festivalguidesandreviews.com/florida-festivals/
2026-11-06,2026-11-07,11/6-11/7*,Tampa Greek Festival,Tampa,active,True,,,https://tampagreekfestival.com,tampagreekfestival.com,https://festivalguidesandreviews.com/florida-festivals/
2026-11-06,2026-11-08,11/6-11/8,Phantasmagoria,Brooksville,active,False,,,https://www.foxfamjam.com/,www.foxfamjam.com,https://festivalguidesandreviews.com/florida-festivals/
2026-11-06,2026-11-08,11/6-11/8,Galbani Feast of Little Italy,Jupiter,active,False,,,https://www.facebook.com/feastoflittleitaly/,www.facebook.com,https://festivalguidesandreviews.com/florida-festivals/
2026-11-06,2026-11-08,11/6-11/8,Thunderbird Inter-Tribal Powwow,Niceville,active,False,,,http://www.thunderbirdpowwow.org/,www.thunderbirdpowwow.org,https://festivalguidesandreviews.com/florida-festivals/
2026-11-06,2026-11-08,11/6-11/8,North Miami Greek Festival,North Miami,active,False,,,https://northmiamigreekfestival.com,northmiamigreekfestival.com,https://festivalguidesandreviews.com/florida-festivals/
2026-11-06,2026-11-08,11/6-11/8,Electric Daisy Carnival,Orlando,active,False,,,https://orlando.electricdaisycarnival.com/,orlando.electricdaisycarnival.com,https://festivalguidesandreviews.com/florida-festivals/
2026-11-06,2026-11-08,11/6-11/8*,Greek Fest Orlando,Orlando,active,True,,,http://www.orlandogreekfest.com/,www.orlandogreekfest.com,https://festivalguidesandreviews.com/florida-festivals/
2026-11-06,2026-11-08,11/6-11/8,Great Gulfcoast Arts Festival,Pensacola,active,False,,,https://www.ggaf.org/,www.ggaf.org,https://festivalguidesandreviews.com/florida-festivals/
2026-11-06,2026-11-08,11/6-11/8*,Historic Lincolnville Festival,St. Augustine,active,True,,,https://www.facebook.com/LHPRS,www.facebook.com,https://festivalguidesandreviews.com/florida-festivals/
2026-11-07,2026-11-07,11/7,Brandon Seafood Festival,Brandon,active,False,,,http://brandon86rotary.com/brandonseafoodfestival/,brandon86rotary.com,https://festivalguidesandreviews.com/florida-festivals/
2026-11-07,2026-11-07,11/7,Stone Crab Jam,Crystal River,active,False,,,https://www.stonecrabjam.com/,www.stonecrabjam.com,https://festivalguidesandreviews.com/florida-festivals/
2026-11-07,2026-11-07,11/7,DeLand Original Music Festival,DeLand,active,False,,,http://ssa.cc/deland.htm,ssa.cc,https://festivalguidesandreviews.com/florida-festivals/
2026-11-07,2026-11-07,11/7*,Rainbow Lakes Fall Craft Festival,Dunnellon,active,True,,,https://www.facebook.com/events/1152915113085126,www.facebook.com,https://festivalguidesandreviews.com/florida-festivals/
2026-11-07,2026-11-07,11/7,Fort Lauderdale Downtown Day of the Dead,Fort Lauderdale,active,False,,,https://www.facebook.com/events/1966584890727082/,www.facebook.com,https://festivalguidesandreviews.com/florida-festivals/
2026-11-07,2026-11-07,11/7*,Jacksonville Porchfest,Jacksonville,active,True,,,http://www.jacksonvilleporchfest.org/,www.jacksonvilleporchfest.org,https://festivalguidesandreviews.com/florida-festivals/
2026-11-07,2026-11-07,11/7,Lake Hernando Dragon Boat Festival,Hernando,active,False,,,https://www.facebook.com/LakeHernandoDragonBoatFestival,www.facebook.com,https://festivalguidesandreviews.com/florida-festivals/
2026-11-07,2026-11-07,11/7,Central Florida Fall EGGfest,Longwood,active,False,,,https://centralfloridafalleggfest.com,centralfloridafalleggfest.com,https://festivalguidesandreviews.com/florida-festivals/
2026-11-07,2026-11-07,11/7*,Downtown Melbourne Food and Wine Festival,Melbourne,active,True,,,https://foodandwine.downtownmelbourne.com/,foodandwine.downtownmelbourne.com,https://festivalguidesandreviews.com/florida-festivals/
2026-11-07,2026-11-07,11/7*,Jazzoo at the Brevard Zoo,Melbourne,active,True,,,https://brevardzoo.org/special-events/,brevardzoo.org,https://festivalguidesandreviews.com/florida-festivals/
2026-11-07,2026-11-07,11/7,Eggs on the Beach,Miramar Beach,active,False,,,https://biggreenegg.com/products/eggs-on-the-beach-1,biggreenegg.com,https://festivalguidesandreviews.com/florida-festivals/
2026-11-07,2026-11-07,11/7,Florida CannFest,Mount Dora,active,False,,,http://floridacannafest.com/,floridacannafest.com,https://festivalguidesandreviews.com/florida-festivals/
2026-11-07,2026-11-07,11/7,Fall Navarre Market,Navarre,active,False,,,https://apexshowsandevents.com/11%2F7-fall-navarre-market,apexshowsandevents.com,https://festivalguidesandreviews.com/florida-festivals/
2026-11-07,2026-11-07,11/7*,North Miami BrewFest,North Miami,active,True,,,https://www.facebook.com/NomiBrewfest,www.facebook.com,https://festivalguidesandreviews.com/florida-festivals/
2026-11-07,2026-11-07,11/7,Badass Beer Fest,Oldsmar,active,False,,,https://www.eventbrite.com/e/badass-beer-fest-26-tickets-1983556339407?aff=erelexpmlt,www.eventbrite.com,https://festivalguidesandreviews.com/florida-festivals/
2026-11-07,2026-11-07,11/7,Avalon Park Autumn Artisan Market and Family Fest,Orlando,active,False,,,https://avalonparkorlando.com/play/event-calendar/#!,avalonparkorlando.com,https://festivalguidesandreviews.com/florida-festivals/
2026-11-07,2026-11-07,11/7*,Orlando Water Lantern Festival,Orlando,active,True,,,https://www.facebook.com/events/1074423594441027/,www.facebook.com,https://festivalguidesandreviews.com/florida-festivals/
2026-11-07,2026-11-07,11/7,Bark and Brew,Oviedo,active,False,,,https://www.facebook.com/events/27558412563833245,www.facebook.com,https://festivalguidesandreviews.com/florida-festivals/
2026-11-07,2026-11-07,11/7*,Night Moves Music Fest,Pensacola,active,True,,,https://nightmovesfest.com/,nightmovesfest.com,https://festivalguidesandreviews.com/florida-festivals/
2026-11-07,2026-11-07,11/7,Collard Festival,Ponce de Leon,active,False,,,https://www.facebook.com/profile.php?id=100064045955087,www.facebook.com,https://festivalguidesandreviews.com/florida-festivals/
2026-11-07,2026-11-07,11/7,Treasure Coast Brew Fest,Port St. Lucie,active,False,,,https://www.tcbrewfest.com/,www.tcbrewfest.com,https://festivalguidesandreviews.com/florida-festivals/
2026-11-07,2026-11-07,11/7,Treasure Coast Caribbean Food and Music Festival (Carifest),Port St. Lucie,active,False,,,https://www.cacgpsl.org/carifest,www.cacgpsl.org,https://festivalguidesandreviews.com/florida-festivals/
2026-11-07,2026-11-07,11/7*,Suncoast Largest Food Truck Festival,Sarasota,active,True,,,https://www.facebook.com/events/1055468513382898,www.facebook.com,https://festivalguidesandreviews.com/florida-festivals/
2026-11-07,2026-11-07,11/7,Highland Arts League Arts and Crafts Festival,Sebring,active,False,,,https://www.highlandsartleague.org/arts-and-crafts-festival-2024,www.highlandsartleague.org,https://festivalguidesandreviews.com/florida-festivals/
2026-11-07,2026-11-07,11/7*,The Fuzzy Pineapple Food Festival,Tallahassee,active,True,,,https://www.facebook.com/events/1456745325636126,www.facebook.com,https://festivalguidesandreviews.com/florida-festivals/
2026-11-07,2026-11-07,11/7*,Give Thanks Festival,Williston,active,True,,,https://www.facebook.com/events/989019399716851,www.facebook.com,https://festivalguidesandreviews.com/florida-festivals/
2026-11-07,2026-11-07,11/7,Cows ‘n Cabs,Winter Park,active,False,,,https://www.cowsncabs.com/,www.cowsncabs.com,https://festivalguidesandreviews.com/florida-festivals/
2026-11-07,2026-11-08,11/7-11/8,Barberville Pioneer Settlement Fall Country Jamboree,Barberville,active,False,,,https://www.pioneersettlement.org,www.pioneersettlement.org,https://festivalguidesandreviews.com/florida-festivals/
2026-11-07,2026-11-08,11/7-11/8,Boca Raton Fine Art Show II,Boca Raton,active,False,,,https://hotworks.org/events-hot-works/,hotworks.org,https://festivalguidesandreviews.com/florida-festivals/
2026-11-07,2026-11-08,11/7-11/8,Halifax Art Festival,Daytona Beach,active,False,,,https://halifaxartfestival.com/,halifaxartfestival.com,https://festivalguidesandreviews.com/florida-festivals/
2026-11-07,2026-11-08,11/7-11/8,Right Whale Festival,Fernandina Beach,active,False,,,http://www.rightwhalefestival.com/,www.rightwhalefestival.com,https://festivalguidesandreviews.com/florida-festivals/
2026-11-07,2026-11-08,11/7-11/8*,Camelot Days Medieval Festival I,Hollywood,active,True,,,https://camelotdays.com/,camelotdays.com,https://festivalguidesandreviews.com/florida-festivals/
2026-11-07,2026-11-08,11/7-11/8,Mayhem Ranch Fall Festival VII,Morriston,active,False,,,https://mayhemranchfla.com/event/mayhem-ranch-fall-festival/,mayhemranchfla.com,https://festivalguidesandreviews.com/florida-festivals/
2026-11-07,2026-11-08,11/7-11/8,Sarasota Medieval Fair I,Myakka City,active,False,,,https://www.sarasotamedievalfair.com/,www.sarasotamedievalfair.com,https://festivalguidesandreviews.com/florida-festivals/
2026-11-07,2026-11-08,11/7-11/8,Ocali Country Days Festival,Ocala,active,False,,,https://silverrivermuseum.com/ocali-country-days-festival/,silverrivermuseum.com,https://festivalguidesandreviews.com/florida-festivals/
2026-11-07,2026-11-08,11/7-11/8,Fall Fiesta in the Park,Orlando,active,False,,,https://www.fiestainthepark.com/,www.fiestainthepark.com,https://festivalguidesandreviews.com/florida-festivals/
2026-11-07,2026-11-08,11/7-11/8,Sarasota Hungarian Festival/Sarasotai Magyar Fesztival,Sarasota,active,False,,,https://sarasotamagyarfesztival.com,sarasotamagyarfesztival.com,https://festivalguidesandreviews.com/florida-festivals/
2026-11-07,2026-11-08,11/7-11/8,SAVOR St. Pete Food and Wine Festival,St. Petersburg,active,False,,,https://savortheburg.com,savortheburg.com,https://festivalguidesandreviews.com/florida-festivals/
2026-11-07,2026-11-08,11/7-11/8,Tarpon Springs Seafood Festival,Tarpon Springs,active,False,,,https://tarponspringsmerchantassociation.com/tarpon-springs-events-calendar/tarpon-springs-seafood-festival/,tarponspringsmerchantassociation.com,https://festivalguidesandreviews.com/florida-festivals/
2026-11-07,2026-11-08,11/7-11/8*,Lady of the Lakes Renaissance Faire II,Tavares,cancelled,True,,CANCELLED,https://lakerenfaire.com/,lakerenfaire.com,https://festivalguidesandreviews.com/florida-festivals/
2026-11-07,2026-11-08,11/7-11/8,Treasure Coast Seafood Festival: Fall,Vero Beach,active,False,,,https://treasurecoastseafoodfest.com,treasurecoastseafoodfest.com,https://festivalguidesandreviews.com/florida-festivals/
2026-11-07,2026-11-08,11/7-11/8,Lake Sumter Landing Arts and Crafts Festival I,The Villages,active,False,,,https://www.thevillagesentertainment.com/festivals-and-special-events/lake-sumter-landing-arts-crafts-festival-2/,www.thevillagesentertainment.com,https://festivalguidesandreviews.com/florida-festivals/
2026-11-07,2026-11-08,11/7-11/8*,Armory Art Center’s Art + Craft + Design Creative Market,West Palm Beach,active,True,,,https://armoryart.org/event/armory-art-center-art-craft-design-creative-market-2/,armoryart.org,https://festivalguidesandreviews.com/florida-festivals/
2026-11-07,2026-11-08,11/7-11/8,Fall Festival at Amber Brooke Farms VIII,Williston,active,False,,,https://amberbrookefarms.com/,amberbrookefarms.com,https://festivalguidesandreviews.com/florida-festivals/
2026-11-07,2026-11-08,11/7-11/8,Kirby Family Farm’s Six Gun Territory: Wild West Weekend and Reunion,Williston,active,False,,,https://www.kirbyfarm.com/six-gun-territory-wild-west-weekend,www.kirbyfarm.com,https://festivalguidesandreviews.com/florida-festivals/
2026-11-08,2026-11-08,11/8,Casselberry Food and Wine Festival,Casselberry,active,False,,,https://www.eventbrite.com/e/casselberrys-16th-annual-food-and-wine-festival-tickets-1989833735267,www.eventbrite.com,https://festivalguidesandreviews.com/florida-festivals/
2026-11-08,2026-11-08,11/8,Orlando Japan Festival,Kissimmee,active,False,,,https://jorlando.org/orlando-japan-festival/,jorlando.org,https://festivalguidesandreviews.com/florida-festivals/
2026-11-08,2026-11-08,11/8*,Taste of Thai Food Festival,Kissimmee,active,True,,,https://asiatrend.org/event/taste-of-thai-food-festival-2025/,asiatrend.org,https://festivalguidesandreviews.com/florida-festivals/
2026-11-08,2026-11-08,11/8,Grace Jamaican Jerk Festival,Miramar,active,False,,,https://jerkfestival.com/,jerkfestival.com,https://festivalguidesandreviews.com/florida-festivals/
2026-11-08,2026-11-08,11/8,Flutterby Arts Festival,Panama City Beach,active,False,,,https://www.culturalartsalliance.com/flutterby-arts-festival,www.culturalartsalliance.com,https://festivalguidesandreviews.com/florida-festivals/
2026-11-08,2026-11-08,11/8,Sanford Food Truck Fiesta XI,Sanford,active,False,,,https://sanfordfl.gov/events/2025-sanford-food-truck-fiesta/?occurrence=2026-11-08&time=1794142800,sanfordfl.gov,https://festivalguidesandreviews.com/florida-festivals/
2026-11-09,2026-11-15,11/9-11/15,Hillborough County Fair II,Dover,active,False,,,https://www.hillsboroughcountyfair.com/,www.hillsboroughcountyfair.com,https://festivalguidesandreviews.com/florida-festivals/
2026-11-11,2026-11-14,11/11-11/14,Palatka Fall Bluegrass Festival,Palatka,active,False,,,https://evansmediasource.com/events/2026-palatka-fall-bluegrass-festival/,evansmediasource.com,https://festivalguidesandreviews.com/florida-festivals/
2026-11-11,2026-11-15,11/11-11/15,Florida Winter Music Festival,Brooksville,active,False,,,https://www.foggylongbritches.com/florida-winter-music-festival,www.foggylongbritches.com,https://festivalguidesandreviews.com/florida-festivals/
2026-11-12,2026-11-14,11/12-11/14,Emerald Coast Cruizin’ Car Show: Fall,Panama City Beach,active,False,,,https://emeraldcoastcruizin.com/,emeraldcoastcruizin.com,https://festivalguidesandreviews.com/florida-festivals/
2026-11-12,2026-11-15,11/12-11/15*,Night Garden II,Coral Gables,active,True,,,https://thenightgarden.co/miami/,thenightgarden.co,https://festivalguidesandreviews.com/florida-festivals/
2026-11-12,2026-11-15,11/12-11/15,St. Demetrios Greek Festival,Daytona Beach,active,False,,,https://www.greekfestivaldaytonabeach.com/,www.greekfestivaldaytonabeach.com,https://festivalguidesandreviews.com/florida-festivals/
2026-11-12,2026-11-15,11/12-11/15,Zen Awakening Festival,Lakeland,active,False,,,https://www.facebook.com/zenawakeningfest,www.facebook.com,https://festivalguidesandreviews.com/florida-festivals/
2026-11-12,2026-11-15,11/12-11/15,Land O’ Lakes Swamp Fest,Land O’ Lakes,active,False,,,http://www.landolakesswampfest.com/swampfest.html,www.landolakesswampfest.com,https://festivalguidesandreviews.com/florida-festivals/
2026-11-13,2026-11-14,11/13-11/14,Miami Rum Renaissance Festival,Coral Gables,active,False,,,https://www.rumrenaissance.com/,www.rumrenaissance.com,https://festivalguidesandreviews.com/florida-festivals/
2026-11-13,2026-11-14,11/13-11/14,Big Belly BBQ Battle,Davenport,active,False,,,https://www.facebook.com/profile.php?id=61552753614119,www.facebook.com,https://festivalguidesandreviews.com/florida-festivals/
2026-11-13,2026-11-14,11/13-11/14*,Ocoee Music Festival,Ocoee,active,True,,,https://www.facebook.com/OcoeeMusicFestival,www.facebook.com,https://festivalguidesandreviews.com/florida-festivals/
2026-11-13,2026-11-14,11/13-11/14,Field of Dreamz Country Classic Music Festival,Port Charlotte,active,False,,,https://www.facebook.com/events/1853054548992255/,www.facebook.com,https://festivalguidesandreviews.com/florida-festivals/
2026-11-13,2026-11-14,11/13-11/14,St. Helen Fall Festival,Vero Beach,active,False,,,https://www.sthelenvero.org,www.sthelenvero.org,https://festivalguidesandreviews.com/florida-festivals/
2026-11-13,2026-11-15,11/13-11/15,Medieval Fae Fest,Marianna,active,False,,,https://medievalfaefest.com/,medievalfaefest.com,https://festivalguidesandreviews.com/florida-festivals/
2026-11-13,2026-11-15,11/13-11/15,Native Rhythms Festival,Melbourne,active,False,,,https://nativerhythmsfestival.com,nativerhythmsfestival.com,https://festivalguidesandreviews.com/florida-festivals/
2026-11-13,2026-11-15,11/13-11/15,St. George’s Greek American Festival,New Port Richey,active,False,,,https://www.facebook.com/NPRGreekFest,www.facebook.com,https://festivalguidesandreviews.com/florida-festivals/
2026-11-13,2026-11-15,11/13-11/15*,The Central Florida Zoo and Botanical Gardens Asian Lantern Festival I,Sanford,active,True,,,https://www.centralfloridazoo.org/lanterns/,www.centralfloridazoo.org,https://festivalguidesandreviews.com/florida-festivals/
2026-11-13,2026-11-16,11/13-11/16,Siesta Key Crystal Classic International Sand Sculpting Festival,Sarasota,active,False,,,https://www.siestakeycrystalclassic.com/,www.siestakeycrystalclassic.com,https://festivalguidesandreviews.com/florida-festivals/
2026-11-14,2026-11-14,11/14,Honey Bee Festival and Craft Fair,Bartow,active,False,,,https://mainstreetbartowfl.com/event-calendar,mainstreetbartowfl.com,https://festivalguidesandreviews.com/florida-festivals/
2026-11-14,2026-11-14,11/14,Brooksville Blues Revival Festival,Brooksville,active,False,,,https://www.facebook.com/events/4582112735356805,www.facebook.com,https://festivalguidesandreviews.com/florida-festivals/
2026-11-14,2026-11-14,11/14*,MSCA Holiday Market,Crestview,active,True,,,https://historicdowntowncrestview.org/events/,historicdowntowncrestview.org,https://festivalguidesandreviews.com/florida-festivals/
2026-11-14,2026-11-14,11/14,Riverwalk International Food Festival,Fort Lauderdale,active,False,,,https://www.facebook.com/events/4338989579694820/,www.facebook.com,https://festivalguidesandreviews.com/florida-festivals/
2026-11-14,2026-11-14,11/14*,Brew and Barbecue in James Weldon Johnson Park,Jacksonville,active,True,,,https://www.facebook.com/events/858965532230858,www.facebook.com,https://festivalguidesandreviews.com/florida-festivals/
2026-11-14,2026-11-14,11/14*,Rocky Water Brew Fest,Melbourne,active,True,,,http://rockywaterbrewfest.com/event-info/,rockywaterbrewfest.com,https://festivalguidesandreviews.com/florida-festivals/
2026-11-14,2026-11-14,11/14,USA Today Wine and Food Festival: Naples,Naples,active,False,,,https://wineandfood.usatoday.com/,wineandfood.usatoday.com,https://festivalguidesandreviews.com/florida-festivals/
2026-11-14,2026-11-14,11/14,Newberry Main Street Fall Festival,Newberry,active,False,,,https://www.facebook.com/events/901195409258817/,www.facebook.com,https://festivalguidesandreviews.com/florida-festivals/
2026-11-14,2026-11-14,11/14,Southwest Florida Pickle Festival,North Fort Myers,active,False,,,https://www.facebook.com/events/1714196689606204/,www.facebook.com,https://festivalguidesandreviews.com/florida-festivals/
2026-11-14,2026-11-14,11/14,Orlando Beer Festival,Orlando,active,False,,,https://www.orlandobeerfestival.com/,www.orlandobeerfestival.com,https://festivalguidesandreviews.com/florida-festivals/
2026-11-14,2026-11-14,11/14,Viva Brevard Festival,Palm Bay,active,False,,,https://www.facebook.com/vivabrevard/,www.facebook.com,https://festivalguidesandreviews.com/florida-festivals/
2026-11-14,2026-11-14,11/14,Pensacola Fall Food Truck Fest,Pensacola,active,False,,,https://www.facebook.com/events/2335446550308796/,www.facebook.com,https://festivalguidesandreviews.com/florida-festivals/
2026-11-14,2026-11-14,11/14,Boys and Girls Clubs of St. Lucie County’s Chili Cook-Off,Port St. Lucie,active,False,,,https://bgcofslc.org/events-bgc/chili-cook-off/,bgcofslc.org,https://festivalguidesandreviews.com/florida-festivals/
2026-11-14,2026-11-14,11/14,Port St. Lucie American Little League Fall Festival,Port St. Lucie,active,False,,,https://www.facebook.com/events/1770437563989457,www.facebook.com,https://festivalguidesandreviews.com/florida-festivals/
2026-11-14,2026-11-14,11/14*,“Let it Grow” Garden Festival and Plant Sale,Sebring,active,True,,,https://www.eventbrite.com/e/let-it-grow-garden-festival-and-plant-sale-2025-tickets-1297344585579?aff=erelexpmlt,www.eventbrite.com,https://festivalguidesandreviews.com/florida-festivals/
2026-11-14,2026-11-14,11/14,Original Florida Key Lime Pie Festival,St. Augustine,active,False,,,https://flkeylimepies.com/florida-key-lime-pie-festival/,flkeylimepies.com,https://festivalguidesandreviews.com/florida-festivals/
2026-11-14,2026-11-14,11/14*,New Faith Fall Festival Community Day,St. Petersburg,active,True,,,https://www.eventbrite.com/e/new-faith-fall-festival-community-day-registration-1623671187229,www.eventbrite.com,https://festivalguidesandreviews.com/florida-festivals/
2026-11-14,2026-11-14,11/14,"Americana Classic Car, Truck and Bike Show",Williston,active,False,,,https://www.facebook.com/events/2842958462720726,www.facebook.com,https://festivalguidesandreviews.com/florida-festivals/
2026-11-14,2026-11-15,11/14-11/15,The Downtown Festival and Art Show,Gainesville,active,False,,,https://www.gainesvilledowntownartfest.net/,www.gainesvilledowntownartfest.net,https://festivalguidesandreviews.com/florida-festivals/
2026-11-14,2026-11-15,11/14-11/15*,Camelot Days Medieval Festival II,Hollywood,active,True,,,https://camelotdays.com/,camelotdays.com,https://festivalguidesandreviews.com/florida-festivals/
2026-11-14,2026-11-15,11/14-11/15,"Homosassa Arts, Crafts and Seafood Festival",Homosassa,active,False,,,https://homosassaseafoodfestival.org/50th-anniversary-homosassa-arts-crafts-seafood-festival/,homosassaseafoodfestival.org,https://festivalguidesandreviews.com/florida-festivals/
2026-11-14,2026-11-15,11/14-11/15,PeruFest USA,Miami,active,False,,,https://www.facebook.com/PeruFestUSA,www.facebook.com,https://festivalguidesandreviews.com/florida-festivals/
2026-11-14,2026-11-15,11/14-11/15*,Mayhem Ranch Rodeo Fest,Morriston,active,True,,,https://www.facebook.com/events/1970302597074308,www.facebook.com,https://festivalguidesandreviews.com/florida-festivals/
2026-11-14,2026-11-15,11/14-11/15,Sarasota Medieval Fair II,Myakka City,active,False,,,https://www.sarasotamedievalfair.com/,www.sarasotamedievalfair.com,https://festivalguidesandreviews.com/florida-festivals/
2026-11-14,2026-11-15,11/14-11/15,Orlando Museum of Art’s Festival of Trees I,Orlando,active,False,,,https://councilof101.org/pages/festival-of-trees-orlando,councilof101.org,https://festivalguidesandreviews.com/florida-festivals/
2026-11-14,2026-11-15,11/14-11/15,Great Day in the Country Arts and Crafts Festival,Oviedo,active,False,,,http://www.greatdayoviedo.org/,www.greatdayoviedo.org,https://festivalguidesandreviews.com/florida-festivals/
2026-11-14,2026-11-15,11/14-11/15,Ruskin Seafood and Arts Festival,Ruskin,active,False,,,https://www.facebook.com/profile.php?id=100094433539012,www.facebook.com,https://festivalguidesandreviews.com/florida-festivals/
2026-11-14,2026-11-15,11/14-11/15,Temple Terrace Arts and Crafts Festival,Tampa,active,False,,,https://www.templeterraceartscouncil.org/arts-crafts-festival/,www.templeterraceartscouncil.org,https://festivalguidesandreviews.com/florida-festivals/
2026-11-14,2026-11-15,11/14-11/15,Holiday Shopping Fair at South Florida Fairgrounds,West Palm Beach,active,False,,,https://www.pottcevents.com/holiday-shopping-fair-at-south-florida-fairgrounds.html,www.pottcevents.com,https://festivalguidesandreviews.com/florida-festivals/
2026-11-14,2026-11-15,11/14-11/15,Fall Festival at Amber Brooke Farms IX,Williston,active,False,,,https://amberbrookefarms.com/,amberbrookefarms.com,https://festivalguidesandreviews.com/florida-festivals/
2026-11-14,2026-11-15,11/14-11/15,Winter Park Autumn Art Festival,Winter Park,active,False,,,https://www.winterpark.org/aaf-home-page/,www.winterpark.org,https://festivalguidesandreviews.com/florida-festivals/
2026-11-15,2026-11-15,11/15,Alachua Main Street Harvest Festival,Alachua,active,False,,,https://alachuabusiness.com/event/alachua-main-street-harvest-festival/,alachuabusiness.com,https://festivalguidesandreviews.com/florida-festivals/
2026-11-15,2026-11-15,11/15,Miami Book Fair I,Miami,active,False,,,https://www.miamibookfair.com/,www.miamibookfair.com,https://festivalguidesandreviews.com/florida-festivals/
2026-11-15,2026-11-15,11/15,Miami Food Festival,Miami,active,False,,,https://www.facebook.com/events/822134564178029,www.facebook.com,https://festivalguidesandreviews.com/florida-festivals/
2026-11-16,2026-11-16,11/16*,Taste of the Island,Wilton Manors,active,True,,,https://www.facebook.com/tasteoftheisland,www.facebook.com,https://festivalguidesandreviews.com/florida-festivals/
2026-11-16,2026-11-22,11/16-11/22,Miami Book Fair II,Miami,active,False,,,https://www.miamibookfair.com/,www.miamibookfair.com,https://festivalguidesandreviews.com/florida-festivals/
2026-11-16,2026-11-22,11/16-11/22,Orlando Museum of Art’s Festival of Trees II,Orlando,active,False,,,https://councilof101.org/pages/festival-of-trees-orlando,councilof101.org,https://festivalguidesandreviews.com/florida-festivals/
2026-11-19,2026-11-22,11/19-11/22,Novemberfest,Brandon,active,False,,,https://events.dudesolutions.com/nativitycatholicchurch/event/novemberfest-4/,events.dudesolutions.com,https://festivalguidesandreviews.com/florida-festivals/
2026-11-19,2026-11-22,11/19-11/22*,Night Garden III,Coral Gables,active,True,,,https://thenightgarden.co/miami/,thenightgarden.co,https://festivalguidesandreviews.com/florida-festivals/
2026-11-19,2026-11-22,11/19-11/22,American Sand Sculpting Championship,Fort Myers Beach,active,False,,,https://www.facebook.com/AmericanSandSculpting/,www.facebook.com,https://festivalguidesandreviews.com/florida-festivals/
2026-11-19,2026-11-22,11/19-11/22*,The Central Florida Zoo and Botanical Gardens Asian Lantern Festival II,Sanford,active,True,,,https://www.centralfloridazoo.org/lanterns/,www.centralfloridazoo.org,https://festivalguidesandreviews.com/florida-festivals/
2026-11-19,2026-11-22,11/19-11/22,St. Pete Beach BikeFest,St. Pete Beach,active,False,,,https://www.stpetebeachbikefest.com/,www.stpetebeachbikefest.com,https://festivalguidesandreviews.com/florida-festivals/
2026-11-20,2026-11-22,11/20-11/22,Cornucopia Music Fest,Brooksville,active,False,,,https://evansmediasource.com/events/cornucopia-music-fest/,evansmediasource.com,https://festivalguidesandreviews.com/florida-festivals/
2026-11-20,2026-11-22,11/20-11/22*,Magic of Lights at Daytona International Speedway I,Daytona Beach,active,True,,,https://magicoflights.com/events/daytona/,magicoflights.com,https://festivalguidesandreviews.com/florida-festivals/
2026-11-20,2026-11-22,11/20-11/22,Enchant Christmas I,St. Petersburg,active,False,,,https://www.enchantchristmas.com/,www.enchantchristmas.com,https://festivalguidesandreviews.com/florida-festivals/
2026-11-20,2026-11-22,11/20-11/22,Tampa Villain Arts Tattoo Festival,Tampa,active,False,,,https://villainarts.com/shows/tampa-fl/,villainarts.com,https://festivalguidesandreviews.com/florida-festivals/
2026-11-20,2026-11-22,11/20-11/22*,Drive Thru Light Show I,West Palm Beach,active,True,,,https://www.facebook.com/lights4hope,www.facebook.com,https://festivalguidesandreviews.com/florida-festivals/
2026-11-21,2026-11-21,11/21,Baker Heritage Day Festival,Baker,active,False,,,https://www.facebook.com/BakerBlockMuseum,www.facebook.com,https://festivalguidesandreviews.com/florida-festivals/
2026-11-21,2026-11-21,11/21,Boca Raton Wine and Food Festival,Boca Raton,active,False,,,https://www.facebook.com/BocaRatonWineandFoodFestival/,www.facebook.com,https://festivalguidesandreviews.com/florida-festivals/
2026-11-21,2026-11-21,11/21,Dunedin Celtic Music,Dunedin,active,False,,,http://www.dunedincelticmusicfestival.com/,www.dunedincelticmusicfestival.com,https://festivalguidesandreviews.com/florida-festivals/
2026-11-21,2026-11-21,11/21*,Fort Lauderdale Water Lantern Festival,Fort Lauderdale,active,True,,,https://www.facebook.com/events/2607875019561935,www.facebook.com,https://festivalguidesandreviews.com/florida-festivals/
2026-11-21,2026-11-21,11/21,Goldenfest,Fort Myers,active,False,,,https://grrswf.org/goldenfest,grrswf.org,https://festivalguidesandreviews.com/florida-festivals/
2026-11-21,2026-11-21,11/21*,Riverside WineFest,Jacksonville,active,True,,,https://www.facebook.com/RSLJAX,www.facebook.com,https://festivalguidesandreviews.com/florida-festivals/
2026-11-21,2026-11-21,11/21,Light Up Mount Dora,Mount Dora,active,False,,,https://www.mountdora.gov/Calendar.aspx?EID=19145&month=7&year=2026&day=17&calType=0,www.mountdora.gov,https://festivalguidesandreviews.com/florida-festivals/
2026-11-21,2026-11-21,11/21,Light Up Ocala,Ocala,active,False,,,https://www.ocalafl.org/government/city-departments-i-z/recreation-parks/events/light-up-ocala,www.ocalafl.org,https://festivalguidesandreviews.com/florida-festivals/
2026-11-21,2026-11-21,11/21*,Bradley’s Country Store Old Fashioned Fun Day,Tallahassee,active,True,,,https://www.bradleysfunday.com/event-details/54th-annual-fun-day,www.bradleysfunday.com,https://festivalguidesandreviews.com/florida-festivals/
2026-11-21,2026-11-21,11/21*,USA Today Wine and Food Festival: West Palm Beach,West Palm Beach,active,True,,,https://wineandfood.usatoday.com/,wineandfood.usatoday.com,https://festivalguidesandreviews.com/florida-festivals/
2026-11-21,2026-11-21,11/21,Grilled Cheese Festival at CoolToday Park,Venice,active,False,,,https://cooltodaypark.com/events/5th-annual-grilled-cheese-festival-presented-by-latham/,cooltodaypark.com,https://festivalguidesandreviews.com/florida-festivals/
2026-11-21,2026-11-21,11/21,Sugar Cane Festival,White Springs,active,False,,,https://www.facebook.com/GLSStatePark/posts/the-annual-sugar-cane-festival-is-november-21-2026-if-you-are-interested-in-bein/1413544667488916/,www.facebook.com,https://festivalguidesandreviews.com/florida-festivals/
2026-11-21,2026-11-21,11/21,Haven Holiday Market,Winter Haven,active,False,,,http://www.centralfloridaeventvendors.com/haven-holiday-market/,www.centralfloridaeventvendors.com,https://festivalguidesandreviews.com/florida-festivals/
2026-11-21,2026-11-22,11/21-11/22*,Holiday Fantasy of Lights I,Coconut Creek,active,True,,,https://holidaylightsdrivethru.com/,holidaylightsdrivethru.com,https://festivalguidesandreviews.com/florida-festivals/
2026-11-21,2026-11-22,11/21-11/22,DeLand Fall Festival of the Arts,DeLand,active,False,,,https://fallfestivaloftheartsdeland.com/,fallfestivaloftheartsdeland.com,https://festivalguidesandreviews.com/florida-festivals/
2026-11-21,2026-11-22,11/21-11/22,Autumn Garden Festival,Fort Myers,active,False,,,https://www.edisonfordwinterestates.org/events/garden-festival/,www.edisonfordwinterestates.org,https://festivalguidesandreviews.com/florida-festivals/
2026-11-21,2026-11-22,11/21-11/22*,Camelot Days Medieval Festival III,Hollywood,active,True,,,https://camelotdays.com/,camelotdays.com,https://festivalguidesandreviews.com/florida-festivals/
2026-11-21,2026-11-22,11/21-11/22*,Asian Food Music and Cultural Festival,Kissimmee,active,True,,,https://asiatrend.org/event/6th-annual-asian-food-music-and-cultural-festival-orlando/,asiatrend.org,https://festivalguidesandreviews.com/florida-festivals/
2026-11-21,2026-11-22,11/21-11/22,Longwood Arts and Crafts Festival,Longwood,active,False,,,https://longwoodfestival.com/,longwoodfestival.com,https://festivalguidesandreviews.com/florida-festivals/
2026-11-21,2026-11-22,11/21-11/22,Creek Festival,Milton,active,False,,,https://www.facebook.com/santarosacreekband,www.facebook.com,https://festivalguidesandreviews.com/florida-festivals/
2026-11-21,2026-11-22,11/21-11/22,Sarasota Medieval Fair III,Myakka City,active,False,,,https://www.sarasotamedievalfair.com/,www.sarasotamedievalfair.com,https://festivalguidesandreviews.com/florida-festivals/
2026-11-21,2026-11-22,11/21-11/22,Ormond Beach Riverfest,Ormond Beach,active,False,,,https://www.facebook.com/events/1647212583158956,www.facebook.com,https://festivalguidesandreviews.com/florida-festivals/
2026-11-21,2026-11-22,11/21-11/22*,Florida Tiny House Festival,Palm Coast,active,True,,,https://www.facebook.com/unitedtinyhouse,www.facebook.com,https://festivalguidesandreviews.com/florida-festivals/
2026-11-21,2026-11-22,11/21-11/22,Fall Festival at Amber Brooke Farms X,Williston,active,False,,,https://amberbrookefarms.com/,amberbrookefarms.com,https://festivalguidesandreviews.com/florida-festivals/
2026-11-21,2026-11-22,11/21-11/22,"Yankeetown Art, Craft and Seafood Festival",Yankeetown,active,False,,,https://yankeetownseafoodfestival.com/,yankeetownseafoodfestival.com,https://festivalguidesandreviews.com/florida-festivals/
2026-11-22,2026-11-22,11/22,Winterfest Family Fun Day,Fort Lauderdale,active,False,,,https://winterfestparade.com/events/family-fun-day,winterfestparade.com,https://festivalguidesandreviews.com/florida-festivals/
2026-11-23,2026-11-29,11/23-11/29*,Holiday Fantasy of Lights II,Coconut Creek,active,True,,,https://holidaylightsdrivethru.com/,holidaylightsdrivethru.com,https://festivalguidesandreviews.com/florida-festivals/
2026-11-23,2026-11-29,11/23-11/29*,Magic of Lights at Daytona International Speedway II,Daytona Beach,active,True,,,https://magicoflights.com/events/daytona/,magicoflights.com,https://festivalguidesandreviews.com/florida-festivals/
2026-11-23,2026-11-29,11/23-11/29* (Closed 11/26),The Central Florida Zoo and Botanical Gardens Asian Lantern Festival III,Sanford,active,True,Closed 11/26,,https://www.centralfloridazoo.org/lanterns/,www.centralfloridazoo.org,https://festivalguidesandreviews.com/florida-festivals/
2026-11-23,2026-11-29,11/23-11/29,Enchant Christmas II,St. Petersburg,active,False,,,https://www.enchantchristmas.com/,www.enchantchristmas.com,https://festivalguidesandreviews.com/florida-festivals/
2026-11-25,2026-11-29,11/25-11/29* (Closed 11/26),Night Garden IV,Coral Gables,active,True,Closed 11/26,,https://thenightgarden.co/miami/,thenightgarden.co,https://festivalguidesandreviews.com/florida-festivals/
2026-11-26,2026-11-28,11/26-11/28,Thanksgiving Bluegrass Festival,Brooksville,active,False,,,https://evansmediasource.com/events/2026-thanksgiving-bluegrass-festival/,evansmediasource.com,https://festivalguidesandreviews.com/florida-festivals/
2026-11-26,2026-11-29,11/26-11/29,Tampa Bay’s Festival of Lights and Santa’s Village I,Dover,active,False,,,https://www.hillsboroughcountyfair.com/p/events/httpswwwhillsboroughcountyfaircompsub-pages,www.hillsboroughcountyfair.com,https://festivalguidesandreviews.com/florida-festivals/
2026-11-26,2026-11-29,11/26-11/29,Holiday Lights in Largo Central Park I,Largo,active,False,,,https://www.playlargo.com/special_events_detail_T40_R38.php,www.playlargo.com,https://festivalguidesandreviews.com/florida-festivals/
2026-11-27,2026-11-27,11/27*,Light-Up Eustis,Eustis,active,True,,,https://www.eustis.org/Residents/Events/2025-Light-Up-Eustis,www.eustis.org,https://festivalguidesandreviews.com/florida-festivals/
2026-11-27,2026-11-29,11/27-11/29*,Edison and Ford Holiday Nights Celebration I,Fort Myers,active,True,,,https://www.edisonfordwinterestates.org/events/annual-historic-holiday-nights-celebration/,www.edisonfordwinterestates.org,https://festivalguidesandreviews.com/florida-festivals/
2026-11-27,2026-11-29,11/27-11/29,Christmas Made in the South,Jacksonville,active,False,,,https://madeinthesouthshows.com/festivals,madeinthesouthshows.com,https://festivalguidesandreviews.com/florida-festivals/
2026-11-27,2026-11-29,11/27-11/29,Glowing Gardens at Jacksonville Arboretum and Botanical Gardens I,Jacksonville,active,False,,,https://jacksonvillearboretum.org/events/glowing-gardens?gad_source=1&gclid=Cj0KCQjwvpy5BhDTARIsAHSilymYwMn7jMDUhXwsybZ5PLW7c73hAqrbYtW-JjkV1-J0dRStYFI9EIQaApKsEALw_wcB,jacksonvillearboretum.org,https://festivalguidesandreviews.com/florida-festivals/
2026-11-27,2026-11-29,11/27-11/29,Holiday Lights in the Gardens I,Largo,active,False,,,https://flbgfoundation.org/events,flbgfoundation.org,https://festivalguidesandreviews.com/florida-festivals/
2026-11-27,2026-11-29,11/27-11/29*,Suwannee Lights I,Live Oak,active,True,,,https://suwanneelights.com/,suwanneelights.com,https://festivalguidesandreviews.com/florida-festivals/
2026-11-27,2026-11-29,11/27-11/29,Johnsonville Night Lights in the Garden I,Naples,active,False,,,https://www.naplesgarden.org/events/johnsonville-night-lights-in-the-garden/2025-11-28/,www.naplesgarden.org,https://festivalguidesandreviews.com/florida-festivals/
2026-11-27,2026-11-29,11/27-11/29*,Dazzling Nights Orlando I,Orlando,active,True,,,https://www.dazzlingorlando.com/,www.dazzlingorlando.com,https://festivalguidesandreviews.com/florida-festivals/
2026-11-27,2026-11-29,11/27-11/29*,Christmas in the Wild I,Tampa,active,True,,,https://zootampa.org/christmas-in-the-wild/,zootampa.org,https://festivalguidesandreviews.com/florida-festivals/
2026-11-27,2026-11-29,11/27-11/29*,Drive Thru Light Show II,West Palm Beach,active,True,,,https://www.facebook.com/lights4hope,www.facebook.com,https://festivalguidesandreviews.com/florida-festivals/
2026-11-28,2026-11-28,11/28*,"Ozello Arts, Crafts and Blue Crab Festival",Crystal River,active,True,,,https://www.facebook.com/events/2613512208981368/?acontext=%7B%22action_history%22%3A%22null%22%7D&ref_source=newsfeed&ref_mechanism=feed_attachment,www.facebook.com,https://festivalguidesandreviews.com/florida-festivals/
2026-11-28,2026-11-28,11/28,Howey Artisan Market at Mission Resort and Club VIII,Howey in the Hills,active,False,,,https://www.facebook.com/events/1618016786356990/1618018009690201/?acontext=%7B%22event_action_history%22%3A[%7B%22surface%22%3A%22user_timeline%22%7D%2C%7B%22mechanism%22%3A%22surface%22%2C%22surface%22%3A%22permalink%22%7D]%2C%22ref_notif_type%22%3Anull%7D,www.facebook.com,https://festivalguidesandreviews.com/florida-festivals/
2026-11-28,2026-11-28,11/28*,Inverness Olde Fashioned Christmas,Inverness,active,True,,,https://www.downtowninvernessrotary.org/olde-fashioned-christmas-tree-lighting,www.downtowninvernessrotary.org,https://festivalguidesandreviews.com/florida-festivals/
2026-11-28,2026-11-28,11/28*,Old Florida Holiday and Winter Market,Santa Rosa Beach,active,True,,,https://www.facebook.com/WaterColorOldFloridaHoliday/,www.facebook.com,https://festivalguidesandreviews.com/florida-festivals/
2026-11-28,2026-11-28,11/28*,Whimsy’s Holiday Market,Umatilla,active,True,,,https://www.facebook.com/events/696862753339574,www.facebook.com,https://festivalguidesandreviews.com/florida-festivals/
2026-11-28,2026-11-28,11/28*,Brownwood Tree Lighting Festival,The Villages,active,True,,,https://www.thevillagesentertainment.com/festivals-and-special-events/brownwood-tree-lighting-festival/,www.thevillagesentertainment.com,https://festivalguidesandreviews.com/florida-festivals/
2026-11-28,2026-11-29,11/28-11/29,Sarasota Medieval Fair IV,Myakka City,active,False,,,https://www.sarasotamedievalfair.com/,www.sarasotamedievalfair.com,https://festivalguidesandreviews.com/florida-festivals/
2026-11-28,2026-11-29,11/28-11/29*,Fusionfest,Orlando,active,True,,,https://fusionfest.org/annual-festival-2025/,fusionfest.org,https://festivalguidesandreviews.com/florida-festivals/
2026-11-28,2026-11-29,11/28-11/29*,Fantasy Lights Festival I,Palm Coast,active,True,,,https://www.flaglerrotary.org/,www.flaglerrotary.org,https://festivalguidesandreviews.com/florida-festivals/
2026-11-28,2026-11-29,11/28-11/29,Shopapalooza Festival,St. Petersburg,active,False,,,https://www.shopapaloozafestival.com/,www.shopapaloozafestival.com,https://festivalguidesandreviews.com/florida-festivals/
2026-11-30,2026-12-06,11/30-12/6*,Holiday Fantasy of Lights III,Coconut Creek,active,True,,,https://holidaylightsdrivethru.com/,holidaylightsdrivethru.com,https://festivalguidesandreviews.com/florida-festivals/
2026-11-30,2026-12-06,11/30-12/6*,Magic of Lights at Daytona International Speedway III,Daytona Beach,active,True,,,https://magicoflights.com/events/daytona/,magicoflights.com,https://festivalguidesandreviews.com/florida-festivals/
2026-11-30,2026-12-06,11/30-12/6,Tampa Bay’s Festival of Lights and Santa’s Village II,Dover,active,False,,,https://www.hillsboroughcountyfair.com/p/events/httpswwwhillsboroughcountyfaircompsub-pages,www.hillsboroughcountyfair.com,https://festivalguidesandreviews.com/florida-festivals/
2026-11-30,2026-12-06,11/30-12/6*,Edison and Ford Holiday Nights Celebration II,Fort Myers,active,True,,,https://www.edisonfordwinterestates.org/events/annual-historic-holiday-nights-celebration/,www.edisonfordwinterestates.org,https://festivalguidesandreviews.com/florida-festivals/
2026-11-30,2026-12-06,11/30-12/6,Holiday Lights in the Gardens II,Largo,active,False,,,https://flbgfoundation.org/events,flbgfoundation.org,https://festivalguidesandreviews.com/florida-festivals/
2026-11-30,2026-12-06,11/30-12/6,Holiday Lights in Largo Central Park II,Largo,active,False,,,https://www.playlargo.com/special_events_detail_T40_R38.php,www.playlargo.com,https://festivalguidesandreviews.com/florida-festivals/
2026-11-30,2026-12-06,11/30-12/6*,Suwannee Lights II,Live Oak,active,True,,,https://suwanneelights.com/,suwanneelights.com,https://festivalguidesandreviews.com/florida-festivals/
2026-11-30,2026-12-06,11/30-12/6*,Johnsonville Night Lights in the Garden II,Naples,active,True,,,https://www.naplesgarden.org/events/johnsonville-night-lights-in-the-garden/2025-11-28/,www.naplesgarden.org,https://festivalguidesandreviews.com/florida-festivals/
2026-11-30,2026-12-06,11/30-12/6*,Dazzling Nights Orlando II,Orlando,active,True,,,https://www.dazzlingorlando.com/,www.dazzlingorlando.com,https://festivalguidesandreviews.com/florida-festivals/
2026-11-30,2026-12-06,11/30-12/6*,Fantasy Lights Festival II,Palm Coast,active,True,,,https://www.flaglerrotary.org/,www.flaglerrotary.org,https://festivalguidesandreviews.com/florida-festivals/
2026-11-30,2026-12-06,11/30-12/6,Enchant Christmas III,St. Petersburg,active,False,,,https://www.enchantchristmas.com/,www.enchantchristmas.com,https://festivalguidesandreviews.com/florida-festivals/
2026-12-01,2026-12-01,12/1*,100 Foot Christmas Tree Lighting Celebration,Delray Beach,active,True,,,https://www.delraybeachfl.gov/our-city/things-to-do/100-ft-christmas-tree,www.delraybeachfl.gov,https://festivalguidesandreviews.com/florida-festivals/
2026-12-02,2026-12-06,12/2-12/6*,Night Garden V,Coral Gables,active,True,,,https://thenightgarden.co/miami/,thenightgarden.co,https://festivalguidesandreviews.com/florida-festivals/
2026-12-03,2026-12-03,12/3,Holiday in Paradise Tree Lighting,West Palm Beach,active,False,,,https://www.wpb.org/Residents/Community-Events/Events/Holiday-in-Paradise/Holiday-in-Paradise-Tree-Lighting-RECURRENT-LISTING,www.wpb.org,https://festivalguidesandreviews.com/florida-festivals/
2026-12-03,2026-12-05,12/3-12/5,Christmas on the Square,Live Oak,active,False,,,https://www.suwanneechamber.com/christmas-on-the-square,www.suwanneechamber.com,https://festivalguidesandreviews.com/florida-festivals/
2026-12-03,2026-12-06,12/3-12/6*,The Wonderland of Lights I,Auburndale,active,True,,,https://www.thewonderlandoflights.com/auburndale-florida,www.thewonderlandoflights.com,https://festivalguidesandreviews.com/florida-festivals/
2026-12-03,2026-12-06,12/3-12/6,Glowing Gardens at Jacksonville Arboretum and Botanical Gardens II,Jacksonville,active,False,,,https://jacksonvillearboretum.org/events/glowing-gardens?gad_source=1&gclid=Cj0KCQjwvpy5BhDTARIsAHSilymYwMn7jMDUhXwsybZ5PLW7c73hAqrbYtW-JjkV1-J0dRStYFI9EIQaApKsEALw_wcB,jacksonvillearboretum.org,https://festivalguidesandreviews.com/florida-festivals/
2026-12-03,2026-12-06,12/3-12/6*,The Central Florida Zoo and Botanical Gardens Asian Lantern Festival IV,Sanford,active,True,,,https://www.centralfloridazoo.org/lanterns/,www.centralfloridazoo.org,https://festivalguidesandreviews.com/florida-festivals/
2026-12-04,2026-12-04,12/4,Islamorada Holiday Festival,Islamorada,active,False,,,https://islamoradachamber.com/holiday-fest/,islamoradachamber.com,https://festivalguidesandreviews.com/florida-festivals/
2026-12-04,2026-12-04,12/4*,Orlando Tree Lighting Celebration,Orlando,active,True,,,https://www.orlando.gov/Events/2025-Tree-Lighting-Celebration,www.orlando.gov,https://festivalguidesandreviews.com/florida-festivals/
2026-12-04,2026-12-04,12/4,There’s Snow Place Like Tarpon Springs,Tarpon Springs,active,False,,,https://tarponspringsmerchantassociation.com/events/snow-place-like-tarpon-springs-and-boat-parade-december-2026/,tarponspringsmerchantassociation.com,https://festivalguidesandreviews.com/florida-festivals/
2026-12-04,2026-12-04,12/4,Wellington Winterfest,Wellington,active,False,,,https://www.facebook.com/winterfestwellington2025/,www.facebook.com,https://festivalguidesandreviews.com/florida-festivals/
2026-12-04,2026-12-04,12/4*,Winter in Paradise,West Palm Beach,active,True,,,https://www.wpb.org/Residents/Community-Events/Events/Winter-in-Paradise,www.wpb.org,https://festivalguidesandreviews.com/florida-festivals/
2026-12-04,2026-12-05,12/4-12/5*,Christmas in the Wild II,Tampa,active,True,,,https://zootampa.org/christmas-in-the-wild/,zootampa.org,https://festivalguidesandreviews.com/florida-festivals/
2026-12-04,2026-12-06,12/4-12/6,Art Basel,Miami Beach,active,False,,,https://www.artbasel.com/miami-beach,www.artbasel.com,https://festivalguidesandreviews.com/florida-festivals/
2026-12-04,2026-12-06,12/4-12/6*,An Old Fashioned Country Christmas at Raprager Family Farm I,Odessa,active,True,,,https://rapragerfarm.com/christmas,rapragerfarm.com,https://festivalguidesandreviews.com/florida-festivals/
2026-12-04,2026-12-06,12/4-12/6,Pinecrest Gardens Night of Lights I,Pinecrest,active,False,,,https://www.pinecrestgardens.org/Arts-Events/Festivals-Special-Events/Night-of-Lights,www.pinecrestgardens.org,https://festivalguidesandreviews.com/florida-festivals/
2026-12-04,2026-12-06,12/4-12/6*,Drive Thru Light Show III,West Palm Beach,active,True,,,https://www.facebook.com/lights4hope,www.facebook.com,https://festivalguidesandreviews.com/florida-festivals/
2026-12-04,2026-12-06,12/4-12/6,Stephen Foster Folk Culture Center State Park Festival of Lights I,White Springs,active,False,,,https://stephenfostercso.org/event-6729538,stephenfostercso.org,https://festivalguidesandreviews.com/florida-festivals/
2026-12-05,2026-12-05,12/5*,Light Up the Holidays,Altamonte Springs,active,True,,,https://www.altamonte.org/788/Light-Up-the-Holidays,www.altamonte.org,https://festivalguidesandreviews.com/florida-festivals/
2026-12-05,2026-12-05,12/5*,Pioneer Christmas and Vintage Market,Dade City,active,True,,,https://www.pioneerfloridamuseum.org/index.php?option=com_content&view=article&id=152&Itemid=74,www.pioneerfloridamuseum.org,https://festivalguidesandreviews.com/florida-festivals/
2026-12-05,2026-12-05,12/5*,Ocean Way Holiday,Deerfield Beach,active,True,,,https://www.deerfield-beach.com/1298/Ocean-Way-Holiday,www.deerfield-beach.com,https://festivalguidesandreviews.com/florida-festivals/
2026-12-05,2026-12-05,12/5,Gullah Geechee Heritage Festival,Elkton,active,False,,,https://www.gullahgeecheefestival.com/,www.gullahgeecheefestival.com,https://festivalguidesandreviews.com/florida-festivals/
2026-12-05,2026-12-05,12/5,Christmas on Walnut Street,Green Cove Springs,active,False,,,https://www.greencovesprings.com/285/Christmas-on-Walnut-Street,www.greencovesprings.com,https://festivalguidesandreviews.com/florida-festivals/
2026-12-05,2026-12-05,12/5*,Hawthorne Christmas Festival and Parade,Hawthorne,active,True,,,https://www.facebook.com/HawthorneAreaCommunityFoundation,www.facebook.com,https://festivalguidesandreviews.com/florida-festivals/
2026-12-05,2026-12-05,12/5,Maitland Season of Light,Maitland,active,False,,,https://maitland.recdesk.com/Community/Program/Detail?programId=2218,maitland.recdesk.com,https://festivalguidesandreviews.com/florida-festivals/
2026-12-05,2026-12-05,12/5*,Christmas in the Park,Navarre,active,True,,,https://business.navarrechamber.com/events/details/31st-annual-christmas-in-the-park-merry-market-31364?calendarMonth=2025-12-01,business.navarrechamber.com,https://festivalguidesandreviews.com/florida-festivals/
2026-12-05,2026-12-05,12/5,Light Up Tioga,Newberry,active,False,,,https://www.facebook.com/events/739294969249718/,www.facebook.com,https://festivalguidesandreviews.com/florida-festivals/
2026-12-05,2026-12-05,12/5,Avalon Aglow,Orlando,active,False,,,https://avalonparkorlando.com/play/community-festivals/avalon-aglow/,avalonparkorlando.com,https://festivalguidesandreviews.com/florida-festivals/
2026-12-05,2026-12-05,12/5*,Palm Beach Gardens Tis the Gardens Tree Lighting,Palm Beach Gardens,active,True,,,https://www.pbgfl.com/747/Tree-Lighting-Concert,www.pbgfl.com,https://festivalguidesandreviews.com/florida-festivals/
2026-12-05,2026-12-05,12/5*,Palatka PorchFest,Palatka,active,True,,,https://palatkaporchfest.com,palatkaporchfest.com,https://festivalguidesandreviews.com/florida-festivals/
2026-12-05,2026-12-05,12/5*,Christmas in Panacea Celebration,Panacea,active,True,,,https://www.facebook.com/christmasinpanacea,www.facebook.com,https://festivalguidesandreviews.com/florida-festivals/
2026-12-05,2026-12-05,12/5,Downtown Pensacola Holiday Market,Pensacola,active,False,,,https://apexshowsandevents.com/12%2F5-pensacola-holiday,apexshowsandevents.com,https://festivalguidesandreviews.com/florida-festivals/
2026-12-05,2026-12-05,12/5,Santa Drop at the Flora-Bama,Pensacola,active,False,,,https://www.florabama.com/santa-drop,www.florabama.com,https://festivalguidesandreviews.com/florida-festivals/
2026-12-05,2026-12-05,12/5*,Light Up Rockledge,Rockledge,active,True,,,https://www.facebook.com/events/1498430964525218/?acontext=%7B%22event_action_history%22%3A[%7B%22mechanism%22%3A%22surface%22%2C%22surface%22%3A%22groups_highlight_units%22%7D]%2C%22ref_notif_type%22%3Anull%7D,www.facebook.com,https://festivalguidesandreviews.com/florida-festivals/
2026-12-05,2026-12-05,12/5,Royal Palm Beach Winter Fest,Royal Palm Beach,active,False,,,https://www.pottcevents.com/rpb-winter-fest.html,www.pottcevents.com,https://festivalguidesandreviews.com/florida-festivals/
2026-12-05,2026-12-05,12/5*,Craft Brew Hullabaloo,Sebastian,active,True,,,,,https://festivalguidesandreviews.com/florida-festivals/
2026-12-05,2026-12-05,12/5,Tampa’s Santa Fest and Tree Lighting,Tampa,active,False,,,https://www.facebook.com/events/2168573517252888,www.facebook.com,https://festivalguidesandreviews.com/florida-festivals/
2026-12-05,2026-12-05,12/5*,"West Palm Beach Beer, Wine and Spirits Festival",West Palm Beach,active,True,,,https://www.facebook.com/events/1069538358338506,www.facebook.com,https://festivalguidesandreviews.com/florida-festivals/
2026-12-05,2026-12-05,12/5,Zephyrhills Festival of Lights,Zephyrhills,active,False,,,https://mainstreetzephyrhills.org/,mainstreetzephyrhills.org,https://festivalguidesandreviews.com/florida-festivals/
2026-12-05,2026-12-06,12/5-12/6,Cocoa Village Art and Craft Fair IV,Cocoa,active,False,,,https://visitcocoavillage.com/events/art-craft-fairs,visitcocoavillage.com,https://festivalguidesandreviews.com/florida-festivals/
2026-12-05,2026-12-06,12/5-12/6,Festival at Fort King,Ocala,active,False,,,https://www.ocalafl.org/government/city-departments-i-z/recreation-parks/fort-king-national-historic-landmark/festival-at-fort-king,www.ocalafl.org,https://festivalguidesandreviews.com/florida-festivals/
2026-12-05,2026-12-06,12/5-12/6,Sarasota Medieval Fair V,Myakka City,active,False,,,https://www.sarasotamedievalfair.com/,www.sarasotamedievalfair.com,https://festivalguidesandreviews.com/florida-festivals/
2026-12-05,2026-12-06,12/5-12/6*,St. Cloud Holiday Festival,St. Cloud,active,True,,,https://www.facebook.com/SaintCloudHolidayFestival/,www.facebook.com,https://festivalguidesandreviews.com/florida-festivals/
2026-12-06,2026-12-06,12/6,Sights and Sounds on 2nd Street Festival and Parade,Fort Pierce,active,False,,,https://mainstreetfortpierce.org/local-events-calendar/sights-sounds-on-second-christmas-parade-2026,mainstreetfortpierce.org,https://festivalguidesandreviews.com/florida-festivals/
2026-12-06,2026-12-06,12/6,Ybor City Cigar Festival,Tampa,active,False,,,https://www.yborcigarfestival.com/,www.yborcigarfestival.com,https://festivalguidesandreviews.com/florida-festivals/
2026-12-07,2026-12-07,12/7*,Totally Lit! A Hanukkah Celebration!,Jacksonville,active,True,,,https://www.facebook.com/events/871039881078595,www.facebook.com,https://festivalguidesandreviews.com/florida-festivals/
2026-12-07,2026-12-13,12/7-12/13*,Magic of Lights at Daytona International Speedway IV,Daytona Beach,active,True,,,https://magicoflights.com/events/daytona/,magicoflights.com,https://festivalguidesandreviews.com/florida-festivals/
2026-12-07,2026-12-13,12/7-12/13,Tampa Bay’s Festival of Lights and Santa’s Village III,Dover,active,False,,,https://www.hillsboroughcountyfair.com/p/events/httpswwwhillsboroughcountyfaircompsub-pages,www.hillsboroughcountyfair.com,https://festivalguidesandreviews.com/florida-festivals/
2026-12-07,2026-12-13,12/7-12/13*,Edison and Ford Holiday Nights Celebration III,Fort Myers,active,True,,,https://www.edisonfordwinterestates.org/events/annual-historic-holiday-nights-celebration/,www.edisonfordwinterestates.org,https://festivalguidesandreviews.com/florida-festivals/
2026-12-07,2026-12-13,12/7-12/13,Holiday Lights in the Gardens III,Largo,active,False,,,https://flbgfoundation.org/events,flbgfoundation.org,https://festivalguidesandreviews.com/florida-festivals/
2026-12-07,2026-12-13,12/7-12/13,Holiday Lights in Largo Central Park III,Largo,active,False,,,https://www.playlargo.com/special_events_detail_T40_R38.php,www.playlargo.com,https://festivalguidesandreviews.com/florida-festivals/
2026-12-07,2026-12-13,12/7-12/13*,Suwannee Lights III,Live Oak,active,True,,,https://suwanneelights.com/,suwanneelights.com,https://festivalguidesandreviews.com/florida-festivals/
2026-12-07,2026-12-13,12/7-12/13*,Johnsonville Night Lights in the Garden III,Naples,active,True,,,https://www.naplesgarden.org/events/johnsonville-night-lights-in-the-garden/2025-11-28/,www.naplesgarden.org,https://festivalguidesandreviews.com/florida-festivals/
2026-12-07,2026-12-13,12/7-12/13*,Dazzling Nights Orlando III,Orlando,active,True,,,https://www.dazzlingorlando.com/,www.dazzlingorlando.com,https://festivalguidesandreviews.com/florida-festivals/
2026-12-07,2026-12-13,12/7-12/13*,Fantasy Lights Festival III,Palm Coast,active,True,,,https://www.flaglerrotary.org/,www.flaglerrotary.org,https://festivalguidesandreviews.com/florida-festivals/
2026-12-07,2026-12-13,12/7-12/13,Enchant Christmas IV,St. Petersburg,active,False,,,https://www.enchantchristmas.com/,www.enchantchristmas.com,https://festivalguidesandreviews.com/florida-festivals/
2026-12-07,2026-12-13,12/7-12/13,Stephen Foster Folk Culture Center State Park Festival of Lights II,White Springs,active,False,,,https://stephenfostercso.org/event-6729538,stephenfostercso.org,https://festivalguidesandreviews.com/florida-festivals/
2026-12-09,2026-12-13,12/9-12/13*,Night Garden VI,Coral Gables,active,True,,,https://thenightgarden.co/miami/,thenightgarden.co,https://festivalguidesandreviews.com/florida-festivals/
2026-12-10,2026-12-13,12/10-12/13*,The Wonderland of Lights II,Auburndale,active,True,,,https://www.thewonderlandoflights.com/auburndale-florida,www.thewonderlandoflights.com,https://festivalguidesandreviews.com/florida-festivals/
2026-12-10,2026-12-13,12/10-12/13,Dickens on Centre,Fernandina Beach,active,False,,,https://www.ameliaisland.com/festivals-events/dickens-on-centre/,www.ameliaisland.com,https://festivalguidesandreviews.com/florida-festivals/
2026-12-10,2026-12-13,12/10-12/13,Glowing Gardens at Jacksonville Arboretum and Botanical Gardens III,Jacksonville,active,False,,,https://jacksonvillearboretum.org/events/glowing-gardens?gad_source=1&gclid=Cj0KCQjwvpy5BhDTARIsAHSilymYwMn7jMDUhXwsybZ5PLW7c73hAqrbYtW-JjkV1-J0dRStYFI9EIQaApKsEALw_wcB,jacksonvillearboretum.org,https://festivalguidesandreviews.com/florida-festivals/
2026-12-10,2026-12-13,12/10-12/13,Palm Beach Food and Wine Festival,Palm Beach,active,False,,,https://www.pbfoodwinefest.com/,www.pbfoodwinefest.com,https://festivalguidesandreviews.com/florida-festivals/
2026-12-10,2026-12-13,12/10-12/13,Pinecrest Gardens Night of Lights II,Pinecrest,active,False,,,https://www.pinecrestgardens.org/Arts-Events/Festivals-Special-Events/Night-of-Lights,www.pinecrestgardens.org,https://festivalguidesandreviews.com/florida-festivals/
2026-12-10,2026-12-13,12/10-12/13*,The Central Florida Zoo and Botanical Gardens Asian Lantern Festival V,Sanford,active,True,,,https://www.centralfloridazoo.org/lanterns/,www.centralfloridazoo.org,https://festivalguidesandreviews.com/florida-festivals/
2026-12-10,2026-12-13,12/10-12/13*,Blessed Trinity Parish Festival,Virginia Gardens,active,True,,,https://www.facebook.com/BlessedTrinityChurch,www.facebook.com,https://festivalguidesandreviews.com/florida-festivals/
2026-12-11,2026-12-12,12/11-12/12,Orlando Korea Festival,Orlando,active,False,,,https://www.okccenter.com/korea-festival,www.okccenter.com,https://festivalguidesandreviews.com/florida-festivals/
2026-12-11,2026-12-13,12/11-12/13*,An Old Fashioned Country Christmas at Raprager Family Farm II,Odessa,active,True,,,https://rapragerfarm.com/christmas,rapragerfarm.com,https://festivalguidesandreviews.com/florida-festivals/
2026-12-11,2026-12-13,12/11-12/13*,Christmas Asian Mega Night Food and Winter Market,St. Petersburg,active,True,,,https://www.facebook.com/events/699993429836619,www.facebook.com,https://festivalguidesandreviews.com/florida-festivals/
2026-12-11,2026-12-13,12/11-12/13*,Christmas in the Wild III,Tampa,active,True,,,https://zootampa.org/christmas-in-the-wild/,zootampa.org,https://festivalguidesandreviews.com/florida-festivals/
2026-12-11,2026-12-13,12/11-12/13*,Drive Thru Light Show IV,West Palm Beach,active,True,,,https://www.facebook.com/lights4hope,www.facebook.com,https://festivalguidesandreviews.com/florida-festivals/
2026-12-12,2026-12-12,12/12,Mistletoe Market,Bartow,active,False,,,https://mainstreetbartowfl.com/event-calendar,mainstreetbartowfl.com,https://festivalguidesandreviews.com/florida-festivals/
2026-12-12,2026-12-12,12/12*,Chiefland Christmas Festival,Chiefland,active,True,,,https://www.chieflandchamber.com/events.php,www.chieflandchamber.com,https://festivalguidesandreviews.com/florida-festivals/
2026-12-12,2026-12-12,12/12*,Treasure Coast Wine and Ale Trail Festival,Fort Pierce,active,True,,,https://www.bigtickets.com/events/summer-crush-vineyard-and-winery/12132025/,www.bigtickets.com,https://festivalguidesandreviews.com/florida-festivals/
2026-12-12,2026-12-12,12/12,Leesburg Christmas Festival and Parade,Leesburg,active,False,,,https://www.facebook.com/events/1675862620315899/,www.facebook.com,https://festivalguidesandreviews.com/florida-festivals/
2026-12-12,2026-12-12,12/12,Milton’s Holiday Market,Milton,active,False,,,https://apexshowsandevents.com/12%2F12-milton-holiday,apexshowsandevents.com,https://festivalguidesandreviews.com/florida-festivals/
2026-12-12,2026-12-12,12/12,Okeechobee Main Street Christmas Festival,Okeechobee,active,False,,,https://okeechobeemainstreet.org/christmas-festival/,okeechobeemainstreet.org,https://festivalguidesandreviews.com/florida-festivals/
2026-12-12,2026-12-12,12/12,iL Mercato Christmas Bazaar,Port St. Lucie,active,False,,,https://www.facebook.com/events/2068938833712948,www.facebook.com,https://festivalguidesandreviews.com/florida-festivals/
2026-12-12,2026-12-12,12/12,Christmas in Sopchoppy,Sopchoppy,active,False,,,https://www.facebook.com/events/1318613470120319/,www.facebook.com,https://festivalguidesandreviews.com/florida-festivals/
2026-12-12,2026-12-13,12/12-12/13,Boca Raton Fine Art Show III,Boca Raton,active,False,,,https://hotworks.org/events-hot-works/,hotworks.org,https://festivalguidesandreviews.com/florida-festivals/
2026-12-12,2026-12-13,12/12-12/13,American German Club Christkindlmarkt,Lake Worth,active,False,,,https://americangermanclub.org/signature-events/christkindlmarkt/,americangermanclub.org,https://festivalguidesandreviews.com/florida-festivals/
2026-12-12,2026-12-13,12/12-12/13,Lake Sumter Landing Arts and Crafts Festival,The Villages,active,False,,,https://www.thevillagesentertainment.com/festivals-and-special-events/lake-sumter-landing-arts-crafts-festival-3/,www.thevillagesentertainment.com,https://festivalguidesandreviews.com/florida-festivals/
2026-12-13,2026-12-13,12/13,Sanford Food Truck Fiesta XII,Sanford,active,False,,,https://sanfordfl.gov/events/2025-sanford-food-truck-fiesta/?occurrence=2026-12-13&time=1797166800,sanfordfl.gov,https://festivalguidesandreviews.com/florida-festivals/
2026-12-13,2026-12-13,12/13*,A Taste of Chanukah,Sarasota,active,True,,,https://www.atasteofchanukah.com/,www.atasteofchanukah.com,https://festivalguidesandreviews.com/florida-festivals/
2026-12-14,2026-12-20,12/14-12/20*,Holiday Fantasy of Lights V,Coconut Creek,active,True,,,https://holidaylightsdrivethru.com/,holidaylightsdrivethru.com,https://festivalguidesandreviews.com/florida-festivals/
2026-12-14,2026-12-20,12/14-12/20*,Night Garden VII,Coral Gables,active,True,,,https://thenightgarden.co/miami/,thenightgarden.co,https://festivalguidesandreviews.com/florida-festivals/
2026-12-14,2026-12-20,12/14-12/20*,Magic of Lights at Daytona International Speedway V,Daytona Beach,active,True,,,https://magicoflights.com/events/daytona/,magicoflights.com,https://festivalguidesandreviews.com/florida-festivals/
2026-12-14,2026-12-20,12/14-12/20,Tampa Bay’s Festival of Lights and Santa’s Village IV,Dover,active,False,,,https://www.hillsboroughcountyfair.com/p/events/httpswwwhillsboroughcountyfaircompsub-pages,www.hillsboroughcountyfair.com,https://festivalguidesandreviews.com/florida-festivals/
2026-12-14,2026-12-20,12/14-12/20*,Edison and Ford Holiday Nights Celebration IV,Fort Myers,active,True,,,https://www.edisonfordwinterestates.org/events/annual-historic-holiday-nights-celebration/,www.edisonfordwinterestates.org,https://festivalguidesandreviews.com/florida-festivals/
2026-12-14,2026-12-20,12/14-12/20,Holiday Lights in the Gardens IV,Largo,active,False,,,https://flbgfoundation.org/events,flbgfoundation.org,https://festivalguidesandreviews.com/florida-festivals/
2026-12-14,2026-12-20,12/14-12/20,Holiday Lights in Largo Central Park IV,Largo,active,False,,,https://www.playlargo.com/special_events_detail_T40_R38.php,www.playlargo.com,https://festivalguidesandreviews.com/florida-festivals/
2026-12-14,2026-12-20,12/14-12/20*,Suwannee Lights IV,Live Oak,active,True,,,https://suwanneelights.com/,suwanneelights.com,https://festivalguidesandreviews.com/florida-festivals/
2026-12-14,2026-12-20,12/14-12/20*,Johnsonville Night Lights in the Garden IV,Naples,active,True,,,https://www.naplesgarden.org/events/johnsonville-night-lights-in-the-garden/2025-11-28/,www.naplesgarden.org,https://festivalguidesandreviews.com/florida-festivals/
2026-12-14,2026-12-20,12/14-12/20*,Dazzling Nights Orlando IV,Orlando,active,True,,,https://www.dazzlingorlando.com/,www.dazzlingorlando.com,https://festivalguidesandreviews.com/florida-festivals/
2026-12-14,2026-12-20,12/14-12/20*,Fantasy Lights Festival IV,Palm Coast,active,True,,,https://www.flaglerrotary.org/,www.flaglerrotary.org,https://festivalguidesandreviews.com/florida-festivals/
2026-12-14,2026-12-20,12/14-12/20*,The Central Florida Zoo and Botanical Gardens Asian Lantern Festival VI,Sanford,active,True,,,https://www.centralfloridazoo.org/lanterns/,www.centralfloridazoo.org,https://festivalguidesandreviews.com/florida-festivals/
2026-12-14,2026-12-20,12/14-12/20,Enchant Christmas V,St. Petersburg,active,False,,,https://www.enchantchristmas.com/,www.enchantchristmas.com,https://festivalguidesandreviews.com/florida-festivals/
2026-12-14,2026-12-20,12/14-12/20*,Drive Thru Light Show V,West Palm Beach,active,True,,,https://www.facebook.com/lights4hope,www.facebook.com,https://festivalguidesandreviews.com/florida-festivals/
2026-12-14,2026-12-20,12/14-12/20,Stephen Foster Folk Culture Center State Park Festival of Lights III,White Springs,active,False,,,https://stephenfostercso.org/event-6729538,stephenfostercso.org,https://festivalguidesandreviews.com/florida-festivals/
2026-12-17,2026-12-20,12/17-12/20*,The Wonderland of Lights III,Auburndale,active,True,,,https://www.thewonderlandoflights.com/auburndale-florida,www.thewonderlandoflights.com,https://festivalguidesandreviews.com/florida-festivals/
2026-12-17,2026-12-20,12/17-12/20,Glowing Gardens at Jacksonville Arboretum and Botanical Gardens IV,Jacksonville,active,False,,,https://jacksonvillearboretum.org/events/glowing-gardens?gad_source=1&gclid=Cj0KCQjwvpy5BhDTARIsAHSilymYwMn7jMDUhXwsybZ5PLW7c73hAqrbYtW-JjkV1-J0dRStYFI9EIQaApKsEALw_wcB,jacksonvillearboretum.org,https://festivalguidesandreviews.com/florida-festivals/
2026-12-17,2026-12-20,12/17-12/20,Pinecrest Gardens Night of Lights III,Pinecrest,active,False,,,https://www.pinecrestgardens.org/Arts-Events/Festivals-Special-Events/Night-of-Lights,www.pinecrestgardens.org,https://festivalguidesandreviews.com/florida-festivals/
2026-12-18,2026-12-19,12/18-12/19*,Taste of the North Food and Music Festival,St. Petersburg,active,True,,,https://www.facebook.com/events/601185042925011/,www.facebook.com,https://festivalguidesandreviews.com/florida-festivals/
2026-12-18,2026-12-20,12/18-12/20*,An Old Fashioned Country Christmas at Raprager Family Farm III,Odessa,active,True,,,https://rapragerfarm.com/christmas,rapragerfarm.com,https://festivalguidesandreviews.com/florida-festivals/
2026-12-18,2026-12-20,12/18-12/20*,Christmas in the Wild IV,Tampa,active,True,,,https://zootampa.org/christmas-in-the-wild/,zootampa.org,https://festivalguidesandreviews.com/florida-festivals/
2026-12-19,2026-12-19,12/19,Howey Artisan Market at Mission Resort and Club IX,Howey in the Hills,active,False,,,https://www.facebook.com/events/1618016786356990/1618017986356870/?acontext=%7B%22event_action_history%22%3A[%7B%22extra_data%22%3A%22%22%2C%22mechanism%22%3A%22unknown%22%2C%22surface%22%3A%22user_timeline%22%7D%2C%7B%22extra_data%22%3A%22%22%2C%22mechanism%22%3A%22surface%22%2C%22surface%22%3A%22permalink%22%7D%2C%7B%22extra_data%22%3A%22%22%2C%22mechanism%22%3A%22surface%22%2C%22surface%22%3A%22permalink%22%7D]%2C%22ref_notif_type%22%3Anull%7D,www.facebook.com,https://festivalguidesandreviews.com/florida-festivals/
2026-12-19,2026-12-19,12/19*,Florida Hmong New Year,Largo,active,True,,,https://asiatrend.org/event/florida-hmong-new-year/,asiatrend.org,https://festivalguidesandreviews.com/florida-festivals/
2026-12-19,2026-12-19,12/19,Navarre Christmas Market,Navarre,active,False,,,https://apexshowsandevents.com/12%2F19-navarre-holiday,apexshowsandevents.com,https://festivalguidesandreviews.com/florida-festivals/
2026-12-19,2026-12-19,12/19*,Palm Bay Family Christmas Extravaganza,Palm Bay,active,True,,,https://www.facebook.com/events/687182004433204,www.facebook.com,https://festivalguidesandreviews.com/florida-festivals/
2026-12-19,2026-12-20,12/19-12/20,Santa’s Wonderland Festival,Wimauma,active,False,,,https://santaswonderlandfestival.com,santaswonderlandfestival.com,https://festivalguidesandreviews.com/florida-festivals/
2026-12-20,2026-12-20,12/20*,Chabad of South Broward Chanukah Festival,Hollywood,active,True,,,https://www.chabadsouthbroward.com/templates/articlecco_cdo/aid/591666/jewish/Chanukah-Festival.htm,www.chabadsouthbroward.com,https://festivalguidesandreviews.com/florida-festivals/
2026-12-21,2026-12-23,12/21-12/23,Pinecrest Gardens Night of Lights IV,Pinecrest,active,False,,,https://www.pinecrestgardens.org/Arts-Events/Festivals-Special-Events/Night-of-Lights,www.pinecrestgardens.org,https://festivalguidesandreviews.com/florida-festivals/
2026-12-21,2026-12-24,12/21-12/24,Stephen Foster Folk Culture Center State Park Festival of Lights IV,White Springs,active,False,,,https://stephenfostercso.org/event-6729538,stephenfostercso.org,https://festivalguidesandreviews.com/florida-festivals/
2026-12-21,2026-12-27,12/21-12/27*,The Wonderland of Lights IV,Auburndale,active,True,,,https://www.thewonderlandoflights.com/auburndale-florida,www.thewonderlandoflights.com,https://festivalguidesandreviews.com/florida-festivals/
2026-12-21,2026-12-27,12/21-12/27,Tampa Bay’s Festival of Lights and Santa’s Village V,Dover,active,False,,,https://www.hillsboroughcountyfair.com/p/events/httpswwwhillsboroughcountyfaircompsub-pages,www.hillsboroughcountyfair.com,https://festivalguidesandreviews.com/florida-festivals/
2026-12-21,2026-12-27,12/21-12/27*,Holiday Fantasy of Lights VI,Coconut Creek,active,True,,,https://holidaylightsdrivethru.com/,holidaylightsdrivethru.com,https://festivalguidesandreviews.com/florida-festivals/
2026-12-21,2026-12-27,12/21-12/27* (Closed 12/24),Night Garden VIII,Coral Gables,active,True,Closed 12/24,,https://thenightgarden.co/miami/,thenightgarden.co,https://festivalguidesandreviews.com/florida-festivals/
2026-12-21,2026-12-27,12/21-12/27*,Magic of Lights at Daytona International Speedway VI,Daytona Beach,active,True,,,https://magicoflights.com/events/daytona/,magicoflights.com,https://festivalguidesandreviews.com/florida-festivals/
2026-12-21,2026-12-27,"12/21-12/27* (Closed 12/24, 12/25)",Edison and Ford Holiday Nights Celebration V,Fort Myers,active,True,"Closed 12/24, 12/25",,https://www.edisonfordwinterestates.org/events/annual-historic-holiday-nights-celebration/,www.edisonfordwinterestates.org,https://festivalguidesandreviews.com/florida-festivals/
2026-12-21,2026-12-27,12/21-12/27 (Closed 12/25),Glowing Gardens at Jacksonville Arboretum and Botanical Gardens V,Jacksonville,active,False,Closed 12/25,,https://jacksonvillearboretum.org/events/glowing-gardens?gad_source=1&gclid=Cj0KCQjwvpy5BhDTARIsAHSilymYwMn7jMDUhXwsybZ5PLW7c73hAqrbYtW-JjkV1-J0dRStYFI9EIQaApKsEALw_wcB,jacksonvillearboretum.org,https://festivalguidesandreviews.com/florida-festivals/
2026-12-21,2026-12-27,12/21-12/27,Holiday Lights in the Gardens V,Largo,active,False,,,https://flbgfoundation.org/events,flbgfoundation.org,https://festivalguidesandreviews.com/florida-festivals/
2026-12-21,2026-12-27,12/21-12/27,Holiday Lights in Largo Central Park V,Largo,active,False,,,https://www.playlargo.com/special_events_detail_T40_R38.php,www.playlargo.com,https://festivalguidesandreviews.com/florida-festivals/
2026-12-21,2026-12-27,12/21-12/27*,Suwannee Lights V,Live Oak,active,True,,,https://suwanneelights.com/,suwanneelights.com,https://festivalguidesandreviews.com/florida-festivals/
2026-12-21,2026-12-27,"12/21-12/27* (Closed 12/24, 12/25)",Johnsonville Night Lights in the Garden V,Naples,active,True,"Closed 12/24, 12/25",,https://www.naplesgarden.org/events/johnsonville-night-lights-in-the-garden/2025-11-28/,www.naplesgarden.org,https://festivalguidesandreviews.com/florida-festivals/
2026-12-21,2026-12-27,12/21-12/27* (Closed 12/25),Dazzling Nights Orlando V,Orlando,active,True,Closed 12/25,,https://www.dazzlingorlando.com/,www.dazzlingorlando.com,https://festivalguidesandreviews.com/florida-festivals/
2026-12-21,2026-12-27,12/21-12/27*,Fantasy Lights Festival V,Palm Coast,active,True,,,https://www.flaglerrotary.org/,www.flaglerrotary.org,https://festivalguidesandreviews.com/florida-festivals/
2026-12-21,2026-12-27,"12/21-12/27* (Closed 12/24, 12/25)",The Central Florida Zoo and Botanical Gardens Asian Lantern Festival VII,Sanford,active,True,"Closed 12/24, 12/25",,https://www.centralfloridazoo.org/lanterns/,www.centralfloridazoo.org,https://festivalguidesandreviews.com/florida-festivals/
2026-12-21,2026-12-27,12/21-12/27,Enchant Christmas VI,St. Petersburg,active,False,,,https://www.enchantchristmas.com/,www.enchantchristmas.com,https://festivalguidesandreviews.com/florida-festivals/
2026-12-21,2026-12-27,"12/21-12/27* (Closed 12/24, 12/25)",Christmas in the Wild V,Tampa,active,True,"Closed 12/24, 12/25",,https://zootampa.org/christmas-in-the-wild/,zootampa.org,https://festivalguidesandreviews.com/florida-festivals/
,,"12/21-12/27* (Closed 12/24, 12/25))",Drive Thru Light Show VI,West Palm Beach,active,True,"12/21-12/27* (Closed 12/24, 12/25))",,https://www.facebook.com/lights4hope,www.facebook.com,https://festivalguidesandreviews.com/florida-festivals/
2026-12-28,2026-12-30,12/28-12/30*,Suwannee Lights VI,Live Oak,active,True,,,https://suwanneelights.com/,suwanneelights.com,https://festivalguidesandreviews.com/florida-festivals/
2026-12-28,2026-12-30,12/28-12/30*,Fantasy Lights Festival VI,Palm Coast,active,True,,,https://www.flaglerrotary.org/,www.flaglerrotary.org,https://festivalguidesandreviews.com/florida-festivals/
2026-12-28,2026-12-30,12/28-12/30*,Christmas in the Wild VI,Tampa,active,True,,,https://zootampa.org/christmas-in-the-wild/,zootampa.org,https://festivalguidesandreviews.com/florida-festivals/
2026-12-28,2027-01-02,12/28-1/2*,Holiday Fantasy of Lights VII,Coconut Creek,active,True,,,https://holidaylightsdrivethru.com/,holidaylightsdrivethru.com,https://festivalguidesandreviews.com/florida-festivals/
2026-12-28,2027-01-02,12/28-1/2*,Magic of Lights at Daytona International Speedway VII,Daytona Beach,active,True,,,https://magicoflights.com/events/daytona/,magicoflights.com,https://festivalguidesandreviews.com/florida-festivals/
2026-12-28,2027-01-02,12/28-1/2,Holiday Lights in the Gardens VI,Largo,active,False,,,https://flbgfoundation.org/events,flbgfoundation.org,https://festivalguidesandreviews.com/florida-festivals/
2026-12-28,2027-01-03,12/28-1/3* (Closed 12/31),Night Garden IX,Coral Gables,active,True,Closed 12/31,,https://thenightgarden.co/miami/,thenightgarden.co,https://festivalguidesandreviews.com/florida-festivals/
2026-12-28,2027-01-03,12/28-1/3*,Edison and Ford Holiday Nights Celebration VI,Fort Myers,active,True,,,https://www.edisonfordwinterestates.org/events/annual-historic-holiday-nights-celebration/,www.edisonfordwinterestates.org,https://festivalguidesandreviews.com/florida-festivals/
2026-12-28,2027-01-03,12/28-1/3,Glowing Gardens at Jacksonville Arboretum and Botanical Gardens VI,Jacksonville,active,False,,,https://jacksonvillearboretum.org/events/glowing-gardens?gad_source=1&gclid=Cj0KCQjwvpy5BhDTARIsAHSilymYwMn7jMDUhXwsybZ5PLW7c73hAqrbYtW-JjkV1-J0dRStYFI9EIQaApKsEALw_wcB,jacksonvillearboretum.org,https://festivalguidesandreviews.com/florida-festivals/
2026-12-28,2027-01-03,12/28-1/3* (Closed 12/31),Johnsonville Night Lights in the Garden VI,Naples,active,True,Closed 12/31,,https://www.naplesgarden.org/events/johnsonville-night-lights-in-the-garden/2025-11-28/,www.naplesgarden.org,https://festivalguidesandreviews.com/florida-festivals/
2026-12-28,2027-01-03,12/28-1/3*,Dazzling Nights Orlando VI,Orlando,active,True,,,https://www.dazzlingorlando.com/,www.dazzlingorlando.com,https://festivalguidesandreviews.com/florida-festivals/
2026-12-28,2027-01-03,12/28-1/3*,The Central Florida Zoo and Botanical Gardens Asian Lantern Festival VIII,Sanford,active,True,,,https://www.centralfloridazoo.org/lanterns/,www.centralfloridazoo.org,https://festivalguidesandreviews.com/florida-festivals/
2026-12-31,2026-12-31,12/31,NYE Tangerine Ball Drop,Brooksville,active,False,,,https://www.welovebvl.org/events/nye-tangerine-ball-drop-2026,www.welovebvl.org,https://festivalguidesandreviews.com/florida-festivals/
2026-12-31,2026-12-31,12/31*,New Year’s Eve on Main Street,Daytona Beach,active,True,,,https://www.facebook.com/profile.php?id=100063478632572,www.facebook.com,https://festivalguidesandreviews.com/florida-festivals/
2026-12-31,2026-12-31,12/31*,New Year’s Eve Shrimp Drop,Fernandina Beach,active,True,,,https://www.facebook.com/LightUpAmelia,www.facebook.com,https://festivalguidesandreviews.com/florida-festivals/
2026-12-31,2026-12-31,12/31*,New Year’s Eve Beach Ball Drop,Panama City Beach,active,True,,,https://www.visitpanamacitybeach.com/events/holiday-events/new-years-eve-beach-ball-drop/,www.visitpanamacitybeach.com,https://festivalguidesandreviews.com/florida-festivals/
2026-12-31,2026-12-31,12/31,Southwest Florida New Year’s Rockin Eve,Port Charlotte,active,False,,,https://www.facebook.com/events/1323388583114360,www.facebook.com,https://festivalguidesandreviews.com/florida-festivals/
2026-12-31,2026-12-31,12/31*,Sarasota Pineapple Drop,Sarasota,active,True,,,https://dreamlandamusements.com/upcoming-events-amusement-carnival/sarasota-pineapple-drop-carnival/,dreamlandamusements.com,https://festivalguidesandreviews.com/florida-festivals/
2027-01-01,2027-01-03,1/1-1/3*,Sarasota Seafood and Music Festival,Sarasota,active,True,,,https://www.sarasotafair.com/events/2026/sarasota-seafood-and-music-festival,www.sarasotafair.com,https://festivalguidesandreviews.com/florida-festivals/
2027-01-02,2027-01-02,1/2*,Riverwalk Stone Crab and Seafood Festival,Fort Lauderdale,active,True,,,https://www.facebook.com/events/819212117191717,www.facebook.com,https://festivalguidesandreviews.com/florida-festivals/
2027-01-02,2027-01-02,1/2*,Pensacola Mardi Gras 12th Night Celebration,Pensacola,active,True,,,https://pensacolamardigras.com/kick-off-celebration/,pensacolamardigras.com,https://festivalguidesandreviews.com/florida-festivals/
2027-01-06,2027-01-10,1/6-1/10*,The Central Florida Zoo and Botanical Gardens Asian Lantern Festival IX,Sanford,active,True,,,https://www.centralfloridazoo.org/lanterns/,www.centralfloridazoo.org,https://festivalguidesandreviews.com/florida-festivals/
2027-01-07,2027-01-10,1/7-1/10*,Night Garden IX,Coral Gables,active,True,,,https://thenightgarden.co/miami/,thenightgarden.co,https://festivalguidesandreviews.com/florida-festivals/
2027-01-08,2027-01-10,1/8-1/10*,Everglades Roots Festival,Ochopee,active,True,,,https://www.evergladesrootsfestival.com/,www.evergladesrootsfestival.com,https://festivalguidesandreviews.com/florida-festivals/
2027-01-09,2027-01-09,1/9,Raising Cane and Moonshine Festival,Dade City,active,False,,,https://www.facebook.com/events/4172481173011642/,www.facebook.com,https://festivalguidesandreviews.com/florida-festivals/
2027-01-09,2027-01-09,1/9,Riverwalk Stone Crab and Seafood Festival,Fort Lauderdale,active,False,,,https://www.facebook.com/events/819212117191717,www.facebook.com,https://festivalguidesandreviews.com/florida-festivals/
2027-01-09,2027-01-09,1/9*,Fiesta de Pueblo,Greenacres,active,True,,,https://fiestadepueblo.com/,fiestadepueblo.com,https://festivalguidesandreviews.com/florida-festivals/
2027-01-09,2027-01-09,1/9*,Tampa Oyster Fest,Tampa,active,True,,,https://tampaoysterfest.com,tampaoysterfest.com,https://festivalguidesandreviews.com/florida-festivals/
2027-01-09,2027-01-09,1/9*,Winter Jam: Tampa,Tampa,active,True,,,https://jamtour.com/01-10-tampa.html,jamtour.com,https://festivalguidesandreviews.com/florida-festivals/
2027-01-09,2027-01-10,1/9-1/10*,Venezia Renaissance Faire I,Bonita Springs,active,True,,,https://veneziarenaissancefaire.com/,veneziarenaissancefaire.com,https://festivalguidesandreviews.com/florida-festivals/
2027-01-09,2027-01-10,1/9-1/10*,Cape Coral Art Festival and Market Place,Cape Coral,active,True,,,https://www.facebook.com/capecoralfestival/,www.facebook.com,https://festivalguidesandreviews.com/florida-festivals/
2027-01-09,2027-01-10,1/9-1/10*,Gainesville Folk Festival,Gainesville,active,True,,,https://www.facebook.com/events/869305112195567/,www.facebook.com,https://festivalguidesandreviews.com/florida-festivals/
2027-01-09,2027-01-10,1/9-1/10,Florida Keys Celtic Festival,Marathon Key,active,False,,,https://floridakeyscelticfestival.com/,floridakeyscelticfestival.com,https://festivalguidesandreviews.com/florida-festivals/
2027-01-10,2027-01-10,1/10*,Winter Jam: Jacksonville,Jacksonville,active,True,,,https://jamtour.com/01-11-jacksonville.html,jamtour.com,https://festivalguidesandreviews.com/florida-festivals/
2027-01-10,2027-01-10,1/10*,Sanford Food Truck Fiesta I,Sanford,active,True,,,https://sanfordfl.gov/event-calendar/,sanfordfl.gov,https://festivalguidesandreviews.com/florida-festivals/
2027-01-13,2027-01-17,1/13-1/17*,The Central Florida Zoo and Botanical Gardens Asian Lantern Festival X,Sanford,active,True,,,https://www.centralfloridazoo.org/lanterns/,www.centralfloridazoo.org,https://festivalguidesandreviews.com/florida-festivals/
2027-01-14,2027-01-16,1/14-1/16*,Yeehaw Music Festival,Okeechobee,active,True,,,https://evansmediasource.com/events/2026-yee-haw-music-fest/,evansmediasource.com,https://festivalguidesandreviews.com/florida-festivals/
2027-01-14,2027-01-17,1/14-1/17*,Fellsmere Frog Leg Festival,Fellsmere,active,True,,,https://www.froglegfestival.com/,www.froglegfestival.com,https://festivalguidesandreviews.com/florida-festivals/
2027-01-15,2027-01-16,1/15-1/16*,Tampa Bay Rodeo’s Bull Bash Country Music Festival,Dover,active,True,,,https://tamparodeo.com/,tamparodeo.com,https://festivalguidesandreviews.com/florida-festivals/
2027-01-15,2027-01-17,1/15-1/17*,Punta Gorda Seafood and Music Festival,Punta Gorda,active,True,,,https://www.paragonfestivals.com/festival/punta-gorda-seafood-music-festival/,www.paragonfestivals.com,https://festivalguidesandreviews.com/florida-festivals/
2027-01-15,2027-01-18,1/15-1/18*,30A Songwriters Festival,Santa Rosa Beach,active,True,,,https://30asongwritersfestival.com/,30asongwritersfestival.com,https://festivalguidesandreviews.com/florida-festivals/
2027-01-16,2027-01-16,1/16*,Apalachicola Oyster Festival,Apalachicola,active,True,,,https://www.facebook.com/profile.php?id=61554801925184&ref=embed_page,www.facebook.com,https://festivalguidesandreviews.com/florida-festivals/
2027-01-16,2027-01-16,1/16*,Pups and Pints,Celebration,active,True,,,https://celebration.fl.us/celebrations-pups-pints/,celebration.fl.us,https://festivalguidesandreviews.com/florida-festivals/
2027-01-16,2027-01-16,1/16*,Deland Craft Beer Festival,Deland,active,True,,,https://mainstreetdeland.org/events-list/deland-craft-festival-2026,mainstreetdeland.org,https://festivalguidesandreviews.com/florida-festivals/
2027-01-16,2027-01-16,1/16*,Lakeport Sour Orange Festival,Lakeport,active,True,,,https://www.facebook.com/sourorangefestival,www.facebook.com,https://festivalguidesandreviews.com/florida-festivals/
2027-01-16,2027-01-16,1/16*,Firefighter Charity Chili Cook Off,Leesburg,active,True,,,https://www.facebook.com/FirefighterCharity,www.facebook.com,https://festivalguidesandreviews.com/florida-festivals/
2027-01-16,2027-01-16,1/16*,Soulfest,Leesburg,active,True,,,https://www.zeffy.com/en-US/ticketing/soul-fest-2025-vendor-form,www.zeffy.com,https://festivalguidesandreviews.com/florida-festivals/
2027-01-16,2027-01-17,1/16-1/17*,Venezia Renaissance Faire II,Bonita Springs,active,True,,,https://veneziarenaissancefaire.com/,veneziarenaissancefaire.com,https://festivalguidesandreviews.com/florida-festivals/
2027-01-16,2027-01-17,1/16-1/17*,Beaux Arts Festival of Art,Coral Gables,active,True,,,https://www.facebook.com/BeauxArtsFestival/,www.facebook.com,https://festivalguidesandreviews.com/florida-festivals/
2027-01-16,2027-01-17,1/16-1/17*,Florida Manatee Festival,Crystal River,active,True,,,https://www.gomanateefest.com/,www.gomanateefest.com,https://festivalguidesandreviews.com/florida-festivals/
2027-01-16,2027-01-17,1/16-1/17*,St. Pete Tacos and Tequila Festival,St. Petersburg,active,True,,,https://www.facebook.com/events/2067104744095442,www.facebook.com,https://festivalguidesandreviews.com/florida-festivals/
2027-01-16,2027-01-17,1/16-1/17,Venice-Nokomis Rotary Fine Arts and Crafts Festival,Venice,active,False,,,https://www.venicenokomisrotary.org/art-fest,www.venicenokomisrotary.org,https://festivalguidesandreviews.com/florida-festivals/
2027-01-16,2027-01-17,1/16-1/17*,Central Florida Scottish Highland Games,Winter Springs,active,True,,,https://www.facebook.com/centralfloridascottishhighlandgames,www.facebook.com,https://festivalguidesandreviews.com/florida-festivals/
2027-01-16,2027-01-18,1/16-1/18*,Brevard Renaissance Fair I,Melbourne,active,True,,,https://brevardrenaissancefair.com/,brevardrenaissancefair.com,https://festivalguidesandreviews.com/florida-festivals/
2027-01-17,2027-01-17,1/17*,Swamp Buggy Races! Winter Classic,Naples,active,True,,,https://www.swampbuggy.com/,www.swampbuggy.com,https://festivalguidesandreviews.com/florida-festivals/
2027-01-18,2027-01-18,1/18*,Martin Luther King Festival,Lynn Haven,active,True,,,https://www.cityoflynnhaven.com/Calendar.aspx?EID=1162&month=12&year=2025&day=1&calType=0,www.cityoflynnhaven.com,https://festivalguidesandreviews.com/florida-festivals/
2027-01-18,2027-01-24,1/18-1/24*,Lauderdale Food and Wine Festival,Fort Lauderdale,active,True,,,https://vlfoodwine.com/,vlfoodwine.com,https://festivalguidesandreviews.com/florida-festivals/
2027-01-21,2027-01-23,1/21-1/23*,Butts and Clucks Cook-Off on the Bay,Apalachicola,active,True,,,http://www.apalachicolabay.org/butts-and-clucks/,www.apalachicolabay.org,https://festivalguidesandreviews.com/florida-festivals/
2027-01-21,2027-01-24,1/21-1/24*,Florida Storytelling Festival,Mount Dora,active,True,,,https://www.facebook.com/flstorytelling,www.facebook.com,https://festivalguidesandreviews.com/florida-festivals/
2027-01-21,2027-01-24,1/21-1/24*,Forks and Corks Food and Wine Festival,Sarasota,active,True,,,https://www.eatlikealocal.com/forksandcorks,www.eatlikealocal.com,https://festivalguidesandreviews.com/florida-festivals/
2027-01-22,2027-01-23,1/22-1/23*,St. Mary Magdalen Winter Fest,Altamonte Springs,active,True,,,https://www.stmarymagdalen.org/ParishInfo/SMMFestival/SMMFestival.htm,www.stmarymagdalen.org,https://festivalguidesandreviews.com/florida-festivals/
2027-01-22,2027-01-23,1/22-1/23,Lakeland PigFest,Lakeland,active,False,,,https://lakelandpigfest.org/,lakelandpigfest.org,https://festivalguidesandreviews.com/florida-festivals/
2027-01-22,2027-01-23,1/22-1/23*,Rock the Universe Christian Music Festival,Orlando,active,True,,,https://www.universalorlando.com/web/en/us/things-to-do/events/rock-the-universe,www.universalorlando.com,https://festivalguidesandreviews.com/florida-festivals/
2027-01-22,2027-01-24,1/22-1/24*,Coquina Beach Seafood and Music Festival,Bradenton Beach,active,True,,,https://www.paragonfestivals.com/festival/coquina-beach-party-seafood-music-festival/,www.paragonfestivals.com,https://festivalguidesandreviews.com/florida-festivals/
2027-01-22,2027-01-24,1/22-1/24*,St. George Cathedral Mediterranean Festival,Coral Gables,active,True,,,https://www.facebook.com/StGMiami,www.facebook.com,https://festivalguidesandreviews.com/florida-festivals/
2027-01-22,2027-01-24,1/22-1/24*,Hollywood Greek Festival,Hollywood,active,True,,,https://www.stgeorgehollywood.org/,www.stgeorgehollywood.org,https://festivalguidesandreviews.com/florida-festivals/
2027-01-22,2027-01-24,1/22-1/24*,Images: A Festival of the Arts,New Smyrna Beach,active,True,,,https://imagesartfestival.org/,imagesartfestival.org,https://festivalguidesandreviews.com/florida-festivals/
2027-01-22,2027-01-24,1/22-1/24*,Mega Night Market,St. Petersburg,active,True,,,https://www.facebook.com/FridayNightStreetMarket,www.facebook.com,https://festivalguidesandreviews.com/florida-festivals/
2027-01-23,2027-01-23,1/23*,Fire In The Park Chili Cook Off For A CURE,Avalon Park,active,True,,,https://www.facebook.com/events/697869683340596,www.facebook.com,https://festivalguidesandreviews.com/florida-festivals/
2027-01-23,2027-01-23,1/23*,Sunshine State Steak Cook-Off,Ave Maria,active,True,,,https://www.facebook.com/sunshinestatesteakcookoff/?locale=ms_MY,www.facebook.com,https://festivalguidesandreviews.com/florida-festivals/
2027-01-23,2027-01-23,1/23*,Boca Raton Beer Wine and Spirits Fest,Boca Raton,active,True,,,https://www.facebook.com/events/828177403063659/?acontext=%7B%22event_action_history%22%3A[%7B%22mechanism%22%3A%22attachment%22%2C%22surface%22%3A%22newsfeed%22%7D]%2C%22ref_notif_type%22%3Anull%7D,www.facebook.com,https://festivalguidesandreviews.com/florida-festivals/
2027-01-23,2027-01-23,1/23*,Woop Woop Beer Fest,Coral Gables,active,True,,,https://www.bay13brewery.com/woopwoop,www.bay13brewery.com,https://festivalguidesandreviews.com/florida-festivals/
2027-01-23,2027-01-23,1/23*,GrasFest,DeFuniak Springs,active,True,,,https://krewedeyak.org/,krewedeyak.org,https://festivalguidesandreviews.com/florida-festivals/
2027-01-23,2027-01-23,1/23*,Englewood Beer Fest,Englewood,active,True,,,https://www.facebook.com/englewoodsunset,www.facebook.com,https://festivalguidesandreviews.com/florida-festivals/
2027-01-23,2027-01-23,1/23*,Jelly Music and Art Festival,Fort Lauderdale,active,True,,,https://www.universe.com/events/jelly-festival-tickets-ZH183T?direct=true,www.universe.com,https://festivalguidesandreviews.com/florida-festivals/
2027-01-23,2027-01-23,1/23*,Science on Tap: Outdoor Beer Festival,Orlando,active,True,,,https://www.osc.org/visit/events/science-on-tap/,www.osc.org,https://festivalguidesandreviews.com/florida-festivals/
2027-01-23,2027-01-23,1/23*,Pickle and Jam-Boree Festival,Port Orange,active,True,,,https://www.facebook.com/photo/?fbid=25769469245998090&set=pcb.3808975809405392,www.facebook.com,https://festivalguidesandreviews.com/florida-festivals/
2027-01-23,2027-01-24,1/23-1/24*,Boca Raton Fine Art Show I,Boca Raton,active,True,,,https://hotworks.org/events-hot-works/,hotworks.org,https://festivalguidesandreviews.com/florida-festivals/
2027-01-23,2027-01-24,1/23-1/24*,A Festival of Chocolate at Fairchild Tropical Botanic Garden,Coral Gables,active,True,,,https://fairchildgarden.org/events/a-festival-of-chocolate/,fairchildgarden.org,https://festivalguidesandreviews.com/florida-festivals/
2027-01-23,2027-01-24,1/23-1/24*,Caloosahatchee Celtic Festival,Fort Myers,active,True,,,https://www.cityftmyers.com/2123/Celtic-Festival,www.cityftmyers.com,https://festivalguidesandreviews.com/florida-festivals/
2027-01-23,2027-01-24,1/23-1/24*,Hoggetowne Medieval Faire,Gainesville,active,True,,,https://www.hoggetownemedfaire.com/,www.hoggetownemedfaire.com,https://festivalguidesandreviews.com/florida-festivals/
2027-01-23,2027-01-24,1/23-1/24*,Jensen Beach Fine Art and Craft Show,Jensen Beach,active,True,,,https://www.facebook.com/events/8446475915460216,www.facebook.com,https://festivalguidesandreviews.com/florida-festivals/
2027-01-23,2027-01-24,1/23-1/24*,Brevard Renaissance Fair II,Melbourne,active,True,,,https://brevardrenaissancefair.com/,brevardrenaissancefair.com,https://festivalguidesandreviews.com/florida-festivals/
2027-01-23,2027-01-24,1/23-1/24*,Pinellas Taco Fest,Pinellas Park,active,True,,,https://www.facebook.com/pinellastacofest,www.facebook.com,https://festivalguidesandreviews.com/florida-festivals/
2027-01-23,2027-01-24,1/23-1/24*,Port St. Lucie Seafood Festival,Port St. Lucie,active,True,,,https://www.portsaintlucieseafoodfestival.com/,www.portsaintlucieseafoodfestival.com,https://festivalguidesandreviews.com/florida-festivals/
2027-01-23,2027-01-24,1/23-1/24*,Manatee Festival,Orange City,active,True,,,https://www.themanateefestival.com/,www.themanateefestival.com,https://festivalguidesandreviews.com/florida-festivals/
2027-01-27,2027-01-31,1/27-1/31*,Key West Food and Wine Festival,Key West,active,True,,,https://keywestfoodandwinefestival.com/,keywestfoodandwinefestival.com,https://festivalguidesandreviews.com/florida-festivals/
2027-01-28,2027-01-31,1/28-1/31*,St. Mark Greek Festival,Boca Raton,active,True,,,https://www.facebook.com/GreekFestivalBoca,www.facebook.com,https://festivalguidesandreviews.com/florida-festivals/
2027-01-28,2027-01-31,1/28-1/31*,The Amelia Island Festival of Stories and Songs,Fernandina Beach,active,True,,,https://storyandsongarts.org/festival,storyandsongarts.org,https://festivalguidesandreviews.com/florida-festivals/
2027-01-28,2027-01-31,1/28-1/31*,Fort Lauderdale Greek Festival,Fort Lauderdale,active,True,,,https://fortlauderdalegreekfestival.org/,fortlauderdalegreekfestival.org,https://festivalguidesandreviews.com/florida-festivals/
2027-01-29,2027-01-31,1/29-1/31*,Spirit of the Buffalo Pow Wow I,Auburndale,active,True,,,http://www.spiritofthebuffalopowwow.com,www.spiritofthebuffalopowwow.com,https://festivalguidesandreviews.com/florida-festivals/
2027-01-29,2027-01-31,1/29-1/31*,South Florida Folk and Acoustic Music Festival,Davie,active,True,,,https://www.facebook.com/BrowardFolkClub,www.facebook.com,https://festivalguidesandreviews.com/florida-festivals/
2027-01-29,2027-01-31,1/29-1/31*,St. Vincent Ferrer Parish Festival,Delray Beach,active,True,,,https://www.facebook.com/stvincentferrerdelray,www.facebook.com,https://festivalguidesandreviews.com/florida-festivals/
2027-01-29,2027-01-31,1/29-1/31*,Fort Myers Seafood and Music Festival,Fort Myers,active,True,,,https://www.paragonfestivals.com/festival/fort-myers-seafood-music-festival/,www.paragonfestivals.com,https://festivalguidesandreviews.com/florida-festivals/
2027-01-29,2027-01-31,1/29-1/31*,Goodland Mullet Festival,Goodland,active,True,,,https://www.stansidlehourgoodland.com/events,www.stansidlehourgoodland.com,https://festivalguidesandreviews.com/florida-festivals/
2027-01-29,2027-01-31,1/29-1/31*,Seminole Tribal Fair and Pow Wow,Hollywood,active,True,,,https://semtribefair.com/,semtribefair.com,https://festivalguidesandreviews.com/florida-festivals/
2027-01-29,2027-01-31,1/29-1/31*,Jacksonville Villain Arts Tattoo Festival,Jacksonville,active,True,,,https://villainarts.com/shows/jacksonville-fl/,villainarts.com,https://festivalguidesandreviews.com/florida-festivals/
2027-01-29,2027-01-31,1/29-1/31*,Our Lady of Lebanon Lebanese Festival,Miami,active,True,,,https://www.facebook.com/photo/?fbid=1233733938802505&set=pb.100064977300521.-2207520000,www.facebook.com,https://festivalguidesandreviews.com/florida-festivals/
2027-01-29,2027-01-31,1/29-1/31*,Naples Winter Wine Festival,Naples,active,True,,,https://www.napleswinefestival.com/,www.napleswinefestival.com,https://festivalguidesandreviews.com/florida-festivals/
2027-01-29,2027-01-31,1/29-1/31*,St. Katherine Greek Fest,Naples,active,True,,,https://www.stkatherinenaples.org/,www.stkatherinenaples.org,https://festivalguidesandreviews.com/florida-festivals/
2027-01-29,2027-01-31,1/29-1/31*,St. George’s Winter Carnival,New Port Richey,active,True,,,https://www.facebook.com/NPRGreekFest,www.facebook.com,https://festivalguidesandreviews.com/florida-festivals/
2027-01-30,2027-01-30,1/30*,Taste of Ave,Ave Maria,active,True,,,https://www.facebook.com/events/1515784742769153,www.facebook.com,https://festivalguidesandreviews.com/florida-festivals/
2027-01-30,2027-01-30,1/30*,Buckhead Ridge Catfish Festival,Buckhead Ridge,active,True,,,https://voteglades.gov/event/buckhead-ridge-catfish-festival/,voteglades.gov,https://festivalguidesandreviews.com/florida-festivals/
2027-01-30,2027-01-30,1/30*,Kumquat Festival,Dade City,active,True,,,https://www.dadecitychamber.org/annual-kumquat-festivalr,www.dadecitychamber.org,https://festivalguidesandreviews.com/florida-festivals/
2027-01-30,2027-01-30,1/30,Howey Artisan Market at Mission Resort and Club I,Howey in the Hills,active,False,,,https://www.facebook.com/events/1618016786356990/1618018006356868/?acontext=%7B%22event_action_history%22%3A[%7B%22extra_data%22%3A%22%22%2C%22mechanism%22%3A%22surface%22%2C%22surface%22%3A%22permalink%22%7D%2C%7B%22extra_data%22%3A%22%22%2C%22mechanism%22%3A%22surface%22%2C%22surface%22%3A%22permalink%22%7D%2C%7B%22extra_data%22%3A%22%22%2C%22mechanism%22%3A%22surface%22%2C%22surface%22%3A%22permalink%22%7D]%2C%22ref_notif_type%22%3Anull%7D,www.facebook.com,https://festivalguidesandreviews.com/florida-festivals/
2027-01-30,2027-01-30,1/30*,Wekiva Island Otter Fest: A Celebration of Craft Beer and Wine,Longwood,active,True,,,https://wekivaisland.com/event/otter-fest-a-celebration-of-beer-wine/,wekivaisland.com,https://festivalguidesandreviews.com/florida-festivals/
2027-01-30,2027-01-30,1/30*,Milton Mardi Gras Parade and Afterparty,Milton,active,True,,,https://www.facebook.com/events/1540240787129226/,www.facebook.com,https://festivalguidesandreviews.com/florida-festivals/
2027-01-30,2027-01-30,1/30*,Oakland Heritage Day,Oakland,active,True,,,https://www.facebook.com/events/s/oakland-heritage-day-2026/1936972820420565/,www.facebook.com,https://festivalguidesandreviews.com/florida-festivals/
2027-01-30,2027-01-30,1/30*,Celebrate Lunar,Orlando,active,True,,,https://asiatrend.org/event/celebrate-lunar-2/,asiatrend.org,https://festivalguidesandreviews.com/florida-festivals/
2027-01-30,2027-01-30,1/30*,Big Bend Brew Fest,Perry,active,True,,,https://www.facebook.com/BigBendBrewfest/,www.facebook.com,https://festivalguidesandreviews.com/florida-festivals/
2027-01-30,2027-01-30,1/30*,"Charlotte Harbor Chili, Beer and Music Festival",Punta Gorda,active,True,,,https://www.facebook.com/charlottechilifest/,www.facebook.com,https://festivalguidesandreviews.com/florida-festivals/
2027-01-30,2027-01-30,1/30*,Suncoast Scots Highland Games and Celtic Festival,Sarasota,active,True,,,https://www.suncoastscots.com/,www.suncoastscots.com,https://festivalguidesandreviews.com/florida-festivals/
2027-01-30,2027-01-30,1/30*,Seminole Hard Rock Gasparilla Pirate Fest,Tampa,active,True,,,https://gasparillapiratefest.com/,gasparillapiratefest.com,https://festivalguidesandreviews.com/florida-festivals/
2027-01-30,2027-01-30,1/30*,Florida’s Citrus Festival,Winter Haven,active,True,,,https://www.destroyermediaandmarketing.com/floridascitrusfestival,www.destroyermediaandmarketing.com,https://festivalguidesandreviews.com/florida-festivals/
2027-01-30,2027-01-31,1/30-1/31*,Brevard Renaissance Fair III,Melbourne,active,True,,,https://brevardrenaissancefair.com/,brevardrenaissancefair.com,https://festivalguidesandreviews.com/florida-festivals/
2027-01-30,2027-01-31,1/30-1/31*,Mount Dora Arts Festival,Mount Dora,active,True,,,https://mountdoraart.com/mount-dora-arts-festival/,mountdoraart.com,https://festivalguidesandreviews.com/florida-festivals/
2027-01-30,2027-01-31,1/30-1/31*,Sarasota Fine Art Show I,Sarasota,active,True,,,https://hotworks.org/events-hot-works/,hotworks.org,https://festivalguidesandreviews.com/florida-festivals/
2027-01-31,2027-01-31,1/31*,East West Music and Dance Festival,Tampa,active,True,,,https://www.shrutifoundationtampa.org/eastwestmusicanddancefestival,www.shrutifoundationtampa.org,https://festivalguidesandreviews.com/florida-festivals/
2027-02-04,2027-02-06,2/4-2/6*,Big Cypress Indigenous Arts and Music Festival,Clewiston,active,True,,,https://indigenousamf.com/,indigenousamf.com,https://festivalguidesandreviews.com/florida-festivals/
2027-02-04,2027-02-08,2/4-2/8*,Farm to Grass MamaLinda Music Festival,Fort Pierce,active,True,,,https://www.facebook.com/events/2651-minute-maid-rd-fort-pierce-fl-united-states-florida-34945/mamalinda-music-fest-2026-farm-to-grass/558489350206803/,www.facebook.com,https://festivalguidesandreviews.com/florida-festivals/
2027-02-05,2027-02-05,2/5*,Soul Fest,Oakland Park,active,True,,,https://www.oaklandparkfl.gov/590/Soul-Fest,www.oaklandparkfl.gov,https://festivalguidesandreviews.com/florida-festivals/
2027-02-05,2027-02-05,2/5*,Orlando Whiskey Festival,Orlando,active,True,,,https://www.whiskeynbizz.com/,www.whiskeynbizz.com,https://festivalguidesandreviews.com/florida-festivals/
2027-02-05,2027-02-06,2/5-2/6*,St. Andrews Mardi Gras Festival,Panama City,active,True,,,https://standrewsmardigras.com/festival-info/,standrewsmardigras.com,https://festivalguidesandreviews.com/florida-festivals/
2027-02-05,2027-02-07,2/5-2/7*,Spirit of the Buffalo Pow Wow II,Auburndale,active,True,,,http://www.spiritofthebuffalopowwow.com,www.spiritofthebuffalopowwow.com,https://festivalguidesandreviews.com/florida-festivals/
2027-02-05,2027-02-07,2/5-2/7*,Bonita Springs Seafood and Music Festival,Bonita Springs,active,True,,,https://www.paragonfestivals.com/festival/bonita-springs-seafood-music-festival/,www.paragonfestivals.com,https://festivalguidesandreviews.com/florida-festivals/
2027-02-05,2027-02-07,2/5-2/7*,Everglades Bluegrass Festival,North Miami Beach,active,True,,,https://www.facebook.com/DobroFiddle,www.facebook.com,https://festivalguidesandreviews.com/florida-festivals/
2027-02-06,2027-02-06,2/6*,Brooksville Tangerine Festival,Brooksville,active,True,,,https://www.welovebvl.org/events/tangerine-festival,www.welovebvl.org,https://festivalguidesandreviews.com/florida-festivals/
2027-02-06,2027-02-06,2/6*,Cocoa Village Brewer’s Bash,Cocoa,active,True,,,https://visitcocoavillage.com/event/7th-annual-cocoa-village-brewers-bash%ef%b8%8f,visitcocoavillage.com,https://festivalguidesandreviews.com/florida-festivals/
2027-02-06,2027-02-06,2/6*,Farm Festival and Quilt Show,Dade City,active,True,,,https://www.pioneerfloridamuseum.org/index.php?option=com_content&view=article&id=152&Itemid=74,www.pioneerfloridamuseum.org,https://festivalguidesandreviews.com/florida-festivals/
2027-02-06,2027-02-06,2/6*,Love is Love Fest,DeLand,active,True,,,https://www.volusiapride.org/love-is-love-pride-fest,www.volusiapride.org,https://festivalguidesandreviews.com/florida-festivals/
2027-02-06,2027-02-06,2/6*,Saint George Island ShrimpFest,Eastpoint,active,True,,,https://www.sgishrimpfest.com/,www.sgishrimpfest.com,https://festivalguidesandreviews.com/florida-festivals/
2027-02-06,2027-02-06,2/6*,Honey and Arts Festival,Lealman,active,True,,,https://lealmanexchange.org/honey-and-arts-festival/,lealmanexchange.org,https://festivalguidesandreviews.com/florida-festivals/
2027-02-06,2027-02-06,2/6*,Soul Beach Food Festival,Miami Beach,active,True,,,https://www.eventbrite.com/e/10th-annual-soul-beach-food-festival-tickets-1849321563579,www.eventbrite.com,https://festivalguidesandreviews.com/florida-festivals/
2027-02-06,2027-02-06,2/6*,Ortona Cane Grinding Festival,Moore Haven,active,True,,,https://voteglades.gov/event/ortona-cane-grinding-festival/,voteglades.gov,https://festivalguidesandreviews.com/florida-festivals/
2027-02-06,2027-02-06,2/6*,Newberry Blues and BBQ Festival,Newberry,active,True,,,https://www.facebook.com/events/1527666668551644/,www.facebook.com,https://festivalguidesandreviews.com/florida-festivals/
2027-02-06,2027-02-06,2/6*,Biz Art in the Park,North Lauderdale,active,True,,,https://www.eventbrite.com/e/biz-art-in-the-park-tickets-1510979493339,www.eventbrite.com,https://festivalguidesandreviews.com/florida-festivals/
2027-02-06,2027-02-06,2/6*,Taste of Okeechobee,Okeechobee,active,True,,,https://okeechobeemainstreet.org/event/taste-of-okeechobee/,okeechobeemainstreet.org,https://festivalguidesandreviews.com/florida-festivals/
2027-02-06,2027-02-06,2/6*,Central Florida Chili Cookoff,Orlando,active,True,,,https://www.legacyeventsfored.org/central-florida-chili-cookoff,www.legacyeventsfored.org,https://festivalguidesandreviews.com/florida-festivals/
2027-02-06,2027-02-06,2/6*,India Day,Orlando,active,True,,,https://asiatrend.org/event/13th-annual-iacc-india-day-2026/,asiatrend.org,https://festivalguidesandreviews.com/florida-festivals/
2027-02-06,2027-02-06,2/6*,Granada Grand Festival of the Arts,Ormond Beach,active,True,,,https://www.facebook.com/events/848606951129301,www.facebook.com,https://festivalguidesandreviews.com/florida-festivals/
2027-02-06,2027-02-06,2/6*,St. Petersburg Beer Wine and Spirits Fest,St. Petersburg,active,True,,,https://www.facebook.com/events/873925741981507/,www.facebook.com,https://festivalguidesandreviews.com/florida-festivals/
2027-02-06,2027-02-06,2/6*,Tampa Bay/St. Pete Whiskey Riot,St. Petersburg,active,True,,,https://whiskeyriot.com/tampa-bay-fl,whiskeyriot.com,https://festivalguidesandreviews.com/florida-festivals/
2027-02-06,2027-02-06,2/6*,The Fuzzy Pineapple Dessert Festival,Tallahassee,active,True,,,https://www.facebook.com/events/651337774613428/,www.facebook.com,https://festivalguidesandreviews.com/florida-festivals/
2027-02-06,2027-02-06,2/6*,Tamarac Multi Cultural Festival,Tamarac,active,True,,,https://www.tamarac.org/SpecialEvents,www.tamarac.org,https://festivalguidesandreviews.com/florida-festivals/
2027-02-06,2027-02-06,2/6*,Coral Isles Church Winter Festival,Tavernier,active,True,,,https://www.coralisleschurch.org/winterfestival,www.coralisleschurch.org,https://festivalguidesandreviews.com/florida-festivals/
2027-02-06,2027-02-06,2/6*,Big Orange Day,Umatilla,active,True,,,https://www.facebook.com/events/1381462290070497/,www.facebook.com,https://festivalguidesandreviews.com/florida-festivals/
2027-02-06,2027-02-06,2/6,Pigz in Z’Hills BBQ and Blues Festival,Zephyrhills,active,False,,,https://www.eastpascochamber.org/pigz-in-zhills-bbq-blues-festival/,www.eastpascochamber.org,https://festivalguidesandreviews.com/florida-festivals/
2027-02-06,2027-02-07,2/6-2/7*,West Palm Beach Fine Art Show I,West Palm Beach,active,True,,,https://hotworks.org/events-hot-works/,hotworks.org,https://festivalguidesandreviews.com/florida-festivals/
2027-02-06,2027-02-07,2/6-2/7*,Florida Renaissance Festival and Craft Village I,Deerfield Beach,active,True,,,http://www.ren-fest.com/,www.ren-fest.com,https://festivalguidesandreviews.com/florida-festivals/
2027-02-06,2027-02-07,2/6-2/7*,ArtFest Fort Myers,Fort Myers,active,True,,,https://artfestfortmyers.com/,artfestfortmyers.com,https://festivalguidesandreviews.com/florida-festivals/
2027-02-06,2027-02-07,2/6-2/7*,Bacon Burger and Beer Festival,Fort Pierce,active,True,,,https://www.eventbrite.com/e/4th-annual-2026-bacon-burger-and-beer-festival-tickets-1977607542395?aff=ebdsoporgprofile,www.eventbrite.com,https://festivalguidesandreviews.com/florida-festivals/
2027-02-06,2027-02-07,2/6-2/7*,Central Florida Tet Festival,Orlando,active,True,,,https://asiatrend.org/event/33th-anniversary-central-florida-tet-festival-2026/,asiatrend.org,https://festivalguidesandreviews.com/florida-festivals/
2027-02-06,2027-02-07,2/6-2/7,Creekside Music and Arts Festival,Palm Coast,active,False,,,https://www.facebook.com/CreeksideFestival,www.facebook.com,https://festivalguidesandreviews.com/florida-festivals/
2027-02-06,2027-02-07,2/6-2/7*,Panama City Beach Food Truck and Craft Beer Festival,Panama City Beach,active,True,,,https://www.eventbrite.com/e/9th-panama-city-beach-food-truck-craft-beer-festival-tickets-1975137755195,www.eventbrite.com,https://festivalguidesandreviews.com/florida-festivals/
2027-02-06,2027-02-07,2/6-2/7*,ArtsFest,Stuart,active,True,,,https://www.martinarts.org/programs-events/artsfest/,www.martinarts.org,https://festivalguidesandreviews.com/florida-festivals/
2027-02-06,2027-02-07,2/6-2/7*,Gardenfest!,Vero Beach,active,True,,,https://www.gardenclubofirc.org/gardenfest/overview/,www.gardenclubofirc.org,https://festivalguidesandreviews.com/florida-festivals/
2027-02-07,2027-02-07,2/7*,Sanford Food Truck Fiesta II,Sanford,active,True,,,https://sanfordfl.gov/event-calendar/,sanfordfl.gov,https://festivalguidesandreviews.com/florida-festivals/
2027-02-11,2027-02-13,2/11-2/13*,Palatka Bluegrass Festival,Palatka,active,True,,,https://evansmediasource.com/events/2026-palatka-bluegrass-festival/,evansmediasource.com,https://festivalguidesandreviews.com/florida-festivals/
2027-02-12,2027-02-12,2/12*,Millennial Asian Street Food Festival,Fort Myers,active,True,,,https://www.facebook.com/events/3176785355853787/,www.facebook.com,https://festivalguidesandreviews.com/florida-festivals/
2027-02-12,2027-02-13,2/12-2/13*,Olustee Festival,Lake City,active,True,,,https://olusteefestival.com/,olusteefestival.com,https://festivalguidesandreviews.com/florida-festivals/
2027-02-12,2027-02-13,2/12-2/13*,"Tampa Beer, Bourbon and BBQ Festival",Tampa,active,True,,,https://tampa.beerandbourbon.com/,tampa.beerandbourbon.com,https://festivalguidesandreviews.com/florida-festivals/
2027-02-12,2027-02-14,2/12-2/14*,Winefest,Clemont,active,True,,,https://www.facebook.com/events/s/winefest-xxxi/2032591794251157/,www.facebook.com,https://festivalguidesandreviews.com/florida-festivals/
2027-02-12,2027-02-14,2/12-2/14*,Everglades Seafood Festival,Everglades City,active,True,,,https://www.evergladesseafoodfestival.org/,www.evergladesseafoodfestival.org,https://festivalguidesandreviews.com/florida-festivals/
2027-02-12,2027-02-14,2/12-2/14*,Reenactment of the Battle of Olustee,Lake City,active,True,,,http://battleofolustee.org/reenactment.html,battleofolustee.org,https://festivalguidesandreviews.com/florida-festivals/
2027-02-12,2027-02-14,2/12-2/14*,Jane Austen Fest,Mount Dora,active,True,,,https://janeaustenfest.com/,janeaustenfest.com,https://festivalguidesandreviews.com/florida-festivals/
2027-02-12,2027-02-14,2/12-2/14*,Port St. Lucie Taste of Little Italy Italian Festival,Port St. Lucie,active,True,,,https://www.facebook.com/thetasteoflittleitaly/,www.facebook.com,https://festivalguidesandreviews.com/florida-festivals/
2027-02-12,2027-02-14,2/12-2/14*,Babcock Ranch Seafood and Music Festival,Punta Gorda,active,True,,,https://www.paragonfestivals.com/festival/babcock-ranch-seafood-music-festival/,www.paragonfestivals.com,https://festivalguidesandreviews.com/florida-festivals/
2027-02-12,2027-02-14,2/12-2/14*,St. Pete’s Super Greek Festival,St. Petersburg,active,True,,,https://www.facebook.com/events/830167543261436,www.facebook.com,https://festivalguidesandreviews.com/florida-festivals/
2027-02-12,2027-02-14,2/12-2/14*,Steinhatchee Fiddler Crab Festival,Steinhatchee,active,True,,,https://steinhatcheechamber.com/fiddler-crab-festival,steinhatcheechamber.com,https://festivalguidesandreviews.com/florida-festivals/
2027-02-12,2027-02-14,2/12-2/14*,St. Catherine’s Greek Festival,West Palm Beach,active,True,,,https://greekfestwpb.com/,greekfestwpb.com,https://festivalguidesandreviews.com/florida-festivals/
2027-02-12,2027-02-14,2/12-2/14*,St. Sophia Greek Festival,Winter Haven,active,True,,,https://www.facebook.com/StSophiaWinterHaven,www.facebook.com,https://festivalguidesandreviews.com/florida-festivals/
2027-02-13,2027-02-13,2/13*,"Blues, Brews and BBQ Festival",Ave Maria,active,True,,,https://www.facebook.com/events/1539052730589795/,www.facebook.com,https://festivalguidesandreviews.com/florida-festivals/
2027-02-13,2027-02-13,2/13*,Lemon Bay Cracker Fair,Englewood,active,True,,,https://lemonbayhistory.com/,lemonbayhistory.com,https://festivalguidesandreviews.com/florida-festivals/
2027-02-13,2027-02-13,2/13*,Mutt Strutt (Edison Festival of Lights),Fort Myers,active,True,,,https://edisonfestival.org/,edisonfestival.org,https://festivalguidesandreviews.com/florida-festivals/
2027-02-13,2027-02-13,2/13*,Art in the Park,Moore Haven,active,True,,,https://www.facebook.com/Art-In-the-Park-Moore-Haven-1480830795557628/,www.facebook.com,https://festivalguidesandreviews.com/florida-festivals/
2027-02-13,2027-02-13,2/13*,Mulberry Founders’ Day,Mulberry,active,True,,,https://www.facebook.com/cityofmulberryfl/,www.facebook.com,https://festivalguidesandreviews.com/florida-festivals/
2027-02-13,2027-02-13,2/13*,Localtopia,St. Petersburg,active,True,,,https://localtopia.keepsaintpetersburglocal.org/,localtopia.keepsaintpetersburglocal.org,https://festivalguidesandreviews.com/florida-festivals/
2027-02-13,2027-02-13,2/13*,Tampa Bay Collard Green Festival,St. Petersburg,active,True,,,https://www.facebook.com/TampaBayCGF/,www.facebook.com,https://festivalguidesandreviews.com/florida-festivals/
2027-02-13,2027-02-13,2/13*,Florida Craft Brew and Wingfest,Vero Beach,active,True,,,http://www.floridacraftbrewandwingfest.com/,www.floridacraftbrewandwingfest.com,https://festivalguidesandreviews.com/florida-festivals/
2027-02-13,2027-02-14,2/13-2/14*,L.B. Brown Heritage Festival,Bartow,active,True,,,http://www.lbbrown.com/schedule-of-activities.html,www.lbbrown.com,https://festivalguidesandreviews.com/florida-festivals/
2027-02-13,2027-02-14,2/13-2/14*,Cortez Commercial Fishing Festival,Cortez,active,True,,,https://www.cortezvillagehistoricalsociety.org/events/commercial-fishing-festival,www.cortezvillagehistoricalsociety.org,https://festivalguidesandreviews.com/florida-festivals/
2027-02-13,2027-02-14,2/13-2/14*,Bay Area Renaissance Festival I,Dade City,active,True,,,https://www.bayarearenfest.com/,www.bayarearenfest.com,https://festivalguidesandreviews.com/florida-festivals/
2027-02-13,2027-02-14,2/13-2/14*,Deerfield Beach Pioneer Days,Deerfield Beach,active,True,,,https://www.deerfield-beach.com/1179/Pioneer-Days,www.deerfield-beach.com,https://festivalguidesandreviews.com/florida-festivals/
2027-02-13,2027-02-14,2/13-2/14*,Florida Renaissance Festival and Craft Village II,Deerfield Beach,active,True,,,http://www.ren-fest.com/,www.ren-fest.com,https://festivalguidesandreviews.com/florida-festivals/
2027-02-13,2027-02-14,2/13-2/14*,Edison Ford Spring Garden Festival,Fort Myers,active,True,,,https://www.edisonfordwinterestates.org/events/garden-festival/,www.edisonfordwinterestates.org,https://festivalguidesandreviews.com/florida-festivals/
2027-02-13,2027-02-14,2/13-2/14*,Gulfport Fine Arts Festival,Gulfport,active,True,,,https://www.facebook.com/events/2040452803162403/,www.facebook.com,https://festivalguidesandreviews.com/florida-festivals/
2027-02-13,2027-02-14,2/13-2/14*,Artigras Fine Arts Festival,Jupiter,active,True,,,http://www.artigras.org/,www.artigras.org,https://festivalguidesandreviews.com/florida-festivals/
2027-02-13,2027-02-14,2/13-2/14*,Florida Keys Seafood Festival,Key West,active,True,,,http://floridakeysseafoodfestival.com/,floridakeysseafoodfestival.com,https://festivalguidesandreviews.com/florida-festivals/
2027-02-13,2027-02-14,2/13-2/14*,321: Food Fest and Craft Fair,Melbourne,active,True,,,http://www.321foodfest.com/,www.321foodfest.com,https://festivalguidesandreviews.com/florida-festivals/
2027-02-13,2027-02-14,2/13-2/14*,Brevard Renaissance Fair III,Melbourne,active,True,,,https://brevardrenaissancefair.com/,brevardrenaissancefair.com,https://festivalguidesandreviews.com/florida-festivals/
2027-02-13,2027-02-14,2/13-2/14*,Amber Brooke Farm Strawberry Festival: Mount Dora I,Mount Dora,active,True,,,https://amberbrookefarms.com/annual-strawberry-festival/,amberbrookefarms.com,https://festivalguidesandreviews.com/florida-festivals/
2027-02-13,2027-02-14,2/13-2/14*,Sanibel-Captiva Rotary Club Arts and Crafts Festival,Sanibel Island,active,True,,,https://www.sanibelartfair.com/,www.sanibelartfair.com,https://festivalguidesandreviews.com/florida-festivals/
2027-02-13,2027-02-14,2/13-2/14*,Bacon and Bourbon Fest,Wellington,active,True,,,https://baconbourbonfest.com/,baconbourbonfest.com,https://festivalguidesandreviews.com/florida-festivals/
2027-02-13,2027-02-15,2/13-2/15*,Coconut Grove Arts Festival,Miami,active,True,,,https://www.miamiandbeaches.com/event/coconut-grove-arts-festival/58,www.miamiandbeaches.com,https://festivalguidesandreviews.com/florida-festivals/
2027-02-14,2027-02-14,2/14*,"Blossom, Brew and BBQ",Gainesville,active,True,,,https://www.facebook.com/events/1211914440900998,www.facebook.com,https://festivalguidesandreviews.com/florida-festivals/
2027-02-16,2027-02-16,2/16*,Taste of Oakland Park,Oakland Park,active,True,,,https://www.oaklandparkfl.gov/535/Taste-of-Oakland-Park,www.oaklandparkfl.gov,https://festivalguidesandreviews.com/florida-festivals/
2027-02-16,2027-02-16,2/16*,Pensacola Mardi Gras Fat Tuesday Priscus Celebration,Pensacola,active,True,,,https://pensacolamardigras.com/fat-tuesday-celebration/,pensacolamardigras.com,https://festivalguidesandreviews.com/florida-festivals/
2027-02-17,2027-02-20,2/17-2/20*,Whippersnap Music and Arts Festival,Brooksville,active,True,,,https://www.whippersnapfest.com/,www.whippersnapfest.com,https://festivalguidesandreviews.com/florida-festivals/
2027-02-17,2027-02-21,2/17-2/21*,30A Wine Festival,Alys Beach,active,True,,,https://30awinefestival.com/,30awinefestival.com,https://festivalguidesandreviews.com/florida-festivals/
2027-02-18,2027-02-21,2/18-2/21*,Venice Italian Feast and Carnival,Venice,active,True,,,http://italianamericanclubofvenice.com/feast/,italianamericanclubofvenice.com,https://festivalguidesandreviews.com/florida-festivals/
2027-02-18,2027-02-21,2/18-2/21*,South Beach Wine and Food Festival,Miami Beach,active,True,,,https://corporate.sobewff.org/,corporate.sobewff.org,https://festivalguidesandreviews.com/florida-festivals/
2027-02-19,2027-02-20,2/19-2/20*,Bradenton Area River Regatta,Bradenton,active,True,,,https://bradentonarearegatta.com/,bradentonarearegatta.com,https://festivalguidesandreviews.com/florida-festivals/
2027-02-19,2027-02-20,2/19-2/20*,Ribs on the Ridge,Haines City,active,True,,,https://www.hainescity.com/191/Ribs-on-the-Ridge,www.hainescity.com,https://festivalguidesandreviews.com/florida-festivals/
2027-02-19,2027-02-20,2/19-2/20*,The Sandestin Gumbo Festival,Miramar Beach,active,True,,,http://www.sandestingumbofestival.com/,www.sandestingumbofestival.com,https://festivalguidesandreviews.com/florida-festivals/
2027-02-19,2027-02-21,2/19-2/21*,Fort Myers Greek Festival,Fort Myers,active,True,,,http://greekfestfortmyers.com/,greekfestfortmyers.com,https://festivalguidesandreviews.com/florida-festivals/
2027-02-19,2027-02-21,2/19-2/21*,Fort Pierce Greek Festival,Fort Pierce,active,True,,,https://stnicholasfp.com/festival/,stnicholasfp.com,https://festivalguidesandreviews.com/florida-festivals/
2027-02-19,2027-02-21,2/19-2/21*,St. Katherine Greek Festival,Melbourne,active,True,,,https://www.greekfestivalmlb.org/,www.greekfestivalmlb.org,https://festivalguidesandreviews.com/florida-festivals/
2027-02-19,2027-02-21,2/19-2/21*,Mount Dora Scottish Highland Festival,Mount Dora,active,True,,,https://ci.mount-dora.fl.us/1291/Scottish-Highland-Festival,ci.mount-dora.fl.us,https://festivalguidesandreviews.com/florida-festivals/
2027-02-19,2027-02-21,2/19-2/21*,West Fest,Royal Palm Beach,active,True,,,https://www.pottcevents.com/rpb-west-fest.html,www.pottcevents.com,https://festivalguidesandreviews.com/florida-festivals/
2027-02-19,2027-02-21,2/19-2/21*,Glendi: St. Barbara Greek Festival,Sarasota,active,True,,,https://stbarbarafestival.org/,stbarbarafestival.org,https://festivalguidesandreviews.com/florida-festivals/
2027-02-19,2027-02-21,2/19-2/21*,Cathedral Festival,St. Augustine,active,True,,,https://www.visitstaugustine.com/event/cathedral-festival,www.visitstaugustine.com,https://festivalguidesandreviews.com/florida-festivals/
2027-02-19,2027-02-21,2/19-2/21*,St. Petersburg Seafood and Music Festival,St. Petersburg,active,True,,,https://www.paragonfestivals.com/festival/st-petersburg-seafood-music-festival-2/,www.paragonfestivals.com,https://festivalguidesandreviews.com/florida-festivals/
2027-02-19,2027-02-21,2/19-2/21*,Thunder on the Beach Powwow and Native American Experience,Vero Beach,active,True,,,https://www.facebook.com/thunderonthebeach,www.facebook.com,https://festivalguidesandreviews.com/florida-festivals/
2027-02-19,2027-02-21,2/19-2/21*,Strawberry Festival at Brownwood Paddock Square,The Villages,active,True,,,https://www.thevillagesentertainment.com/special-events/2026-strawberry-festival/,www.thevillagesentertainment.com,https://festivalguidesandreviews.com/florida-festivals/
2027-02-20,2027-02-20,2/20*,SyFy,Bartow,active,True,,,https://www.facebook.com/syfybartow/,www.facebook.com,https://festivalguidesandreviews.com/florida-festivals/
2027-02-20,2027-02-20,2/20*,Bonita Brew Fest,Bonita Springs,active,True,,,https://bonitabrewfest.com/,bonitabrewfest.com,https://festivalguidesandreviews.com/florida-festivals/
2027-02-20,2027-02-20,2/20*,Enterprise Chili Cook Off,Deltona,active,True,,,https://www.oldenterprise.org/,www.oldenterprise.org,https://festivalguidesandreviews.com/florida-festivals/
2027-02-20,2027-02-20,2/20*,Riverwalk Chili Cook Off,Fort Lauderdale,active,True,,,https://www.goriverwalk.com/events/riverwalk-chili-cook-off,www.goriverwalk.com,https://festivalguidesandreviews.com/florida-festivals/
2027-02-20,2027-02-20,2/20*,Blues-BQ,Leesburg,active,True,,,https://www.leesburgflorida.gov/activities/recreation/special_events.php,www.leesburgflorida.gov,https://festivalguidesandreviews.com/florida-festivals/
2027-02-20,2027-02-20,2/20*,Sanford Porchfest,Sanford,active,True,,,https://www.facebook.com/SanfordPorchfest,www.facebook.com,https://festivalguidesandreviews.com/florida-festivals/
2027-02-20,2027-02-20,2/20*,Fiesta Day,Tampa,active,True,,,https://members.ybor.org/events/details/79th-fiesta-day-2026-4418,members.ybor.org,https://festivalguidesandreviews.com/florida-festivals/
2027-02-20,2027-02-21,2/20-2/21*,Bay Area Renaissance Festival II,Dade City,active,True,,,https://www.bayarearenfest.com/,www.bayarearenfest.com,https://festivalguidesandreviews.com/florida-festivals/
2027-02-20,2027-02-21,2/20-2/21*,Florida Renaissance Festival and Craft Village III,Deerfield Beach,active,True,,,http://www.ren-fest.com/,www.ren-fest.com,https://festivalguidesandreviews.com/florida-festivals/
2027-02-20,2027-02-21,2/20-2/21*,Georgefest I,Eustis,active,True,,,https://www.eustis.org/Residents/Georgefest,www.eustis.org,https://festivalguidesandreviews.com/florida-festivals/
2027-02-20,2027-02-21,2/20-2/21*,Crafts on the River (Edison Festival of Light),Fort Myers,active,True,,,https://edisonfestival.org,edisonfestival.org,https://festivalguidesandreviews.com/florida-festivals/
2027-02-20,2027-02-21,2/20-2/21*,SunWest Crab and Shrimp Festival,Hudson,active,True,,,https://www.facebook.com/SunwestCrabandShrimpFestival,www.facebook.com,https://festivalguidesandreviews.com/florida-festivals/
2027-02-20,2027-02-21,2/20-2/21*,Community First Seawalk Music Festival,Jacksonville Beach,active,True,,,https://www.communityfirstseawalkmusicfest.com/,www.communityfirstseawalkmusicfest.com,https://festivalguidesandreviews.com/florida-festivals/
2027-02-20,2027-02-21,2/20-2/21*,Turtle Fest,Juno Beach,active,True,,,https://marinelife.org/turtlefest/,marinelife.org,https://festivalguidesandreviews.com/florida-festivals/
2027-02-20,2027-02-21,2/20-2/21*,Jupiter Seafood Festival,Jupiter,active,True,,,https://www.jupiterseafoodfestival.net/,www.jupiterseafoodfestival.net,https://festivalguidesandreviews.com/florida-festivals/
2027-02-20,2027-02-21,2/20-2/21*,Swamp Cabbage Festival,LaBelle,active,True,,,https://www.labelleswampcabbagefestival.org/,www.labelleswampcabbagefestival.org,https://festivalguidesandreviews.com/florida-festivals/
2027-02-20,2027-02-21,2/20-2/21*,Lake Worth Street Painting Festival,Lake Worth,active,True,,,https://spf.lakeworthbeachfl.gov/,spf.lakeworthbeachfl.gov,https://festivalguidesandreviews.com/florida-festivals/
2027-02-20,2027-02-21,2/20-2/21*,Brevard Renaissance Fair IV,Melbourne,active,True,,,https://brevardrenaissancefair.com/,brevardrenaissancefair.com,https://festivalguidesandreviews.com/florida-festivals/
2027-02-20,2027-02-21,2/20-2/21*,Amber Brooke Farm Strawberry Festival: Mount Dora II,Mount Dora,active,True,,,https://amberbrookefarms.com/annual-strawberry-festival/,amberbrookefarms.com,https://festivalguidesandreviews.com/florida-festivals/
2027-02-20,2027-02-21,2/20-2/21*,Pine Castle Pioneer Days,Orlando,active,True,,,https://www.pinecastlepioneerdays.org/,www.pinecastlepioneerdays.org,https://festivalguidesandreviews.com/florida-festivals/
2027-02-20,2027-02-21,2/20-2/21*,Palm Coast Strawberry Fest,Palm Coast,active,True,,,https://www.facebook.com/StrawberryFestPalmCoast,www.facebook.com,https://festivalguidesandreviews.com/florida-festivals/
2027-02-20,2027-02-21,2/20-2/21*,Keel Farms Strawberry Bash,Plant City,active,True,,,https://www.keelfarms.com/festivals,www.keelfarms.com,https://festivalguidesandreviews.com/florida-festivals/
2027-02-20,2027-02-21,2/20-2/21*,Safety Harbor Art and Seafood on the Waterfront,Safety Harbor,active,True,,,https://www.safetyharborchamber.com/art-and-seafood,www.safetyharborchamber.com,https://festivalguidesandreviews.com/florida-festivals/
2027-02-20,2027-02-21,2/20-2/21*,Brews Around the Zoo,Sanford,active,True,,,https://www.centralfloridazoo.org/event/brews/,www.centralfloridazoo.org,https://festivalguidesandreviews.com/florida-festivals/
2027-02-20,2027-02-21,2/20-2/21*,Key Lime Pie Festival,Viera,active,True,,,https://www.spacecoastkeylimepiefestival.com/,www.spacecoastkeylimepiefestival.com,https://festivalguidesandreviews.com/florida-festivals/
2027-02-21,2027-02-21,2/21*,Tampa Bay Jewish Food Festival,Clearwater,active,True,,,https://www.tbiclearwater.org/FoodFest/home,www.tbiclearwater.org,https://festivalguidesandreviews.com/florida-festivals/
2027-02-21,2027-02-21,2/21*,Riverside Craft Beer Festival,Jacksonville,active,True,,,http://www.riversidecraftbeerfestival.com/,www.riversidecraftbeerfestival.com,https://festivalguidesandreviews.com/florida-festivals/
2027-02-21,2027-02-21,2/21*,Central Florida Dragon Parade and Lunar New Year Festival,Orlando,active,True,,,https://asiatrend.org/event/14th-annual-central-florida-dragon-parade-lunar-new-year-2026/,asiatrend.org,https://festivalguidesandreviews.com/florida-festivals/
2027-02-21,2027-02-21,2/21*,Pensacola Chocolate and Cheese Fest,Pensacola,active,True,,,https://www.facebook.com/events/658496026748503,www.facebook.com,https://festivalguidesandreviews.com/florida-festivals/
2027-02-22,2027-02-27,2/22-2/27*,Georgefest II,Eustis,active,True,,,https://www.eustis.org/Residents/Georgefest,www.eustis.org,https://festivalguidesandreviews.com/florida-festivals/
2027-02-25,2027-02-28,2/25-2/28*,Florida Strawberry Festival I,Plant City,active,True,,,http://www.flstrawberryfestival.com/,www.flstrawberryfestival.com,https://festivalguidesandreviews.com/florida-festivals/
2027-02-26,2027-02-26,2/26,Country Jam Fest,Punta Gorda,active,False,,,https://www.eventbrite.com/e/country-jam-fest-harborside-tickets-1996445046878,www.eventbrite.com,https://festivalguidesandreviews.com/florida-festivals/
2027-02-26,2027-02-28,2/26-2/28*,Festival of the Arts Boca I,Boca Raton,active,True,,,https://festivalboca.org/,festivalboca.org,https://festivalguidesandreviews.com/florida-festivals/
2027-02-26,2027-02-28,2/26-2/28*,Daytona Beach Bike Week I,Daytona Beach,active,True,,,https://www.officialbikeweek.com/,www.officialbikeweek.com,https://festivalguidesandreviews.com/florida-festivals/
2027-02-26,2027-02-28,2/26-2/28*,Englewood Seafood and Music Festival,Englewood,active,True,,,https://www.paragonfestivals.com/festival/englewood-seafood-music-festival/,www.paragonfestivals.com,https://festivalguidesandreviews.com/florida-festivals/
2027-02-26,2027-02-28,2/26-2/28*,Miami’s Original Greek Festival at Saint Sophia Greek Orthodox Cathedral,Miami,active,True,,,https://www.facebook.com/StSophiaGOC/,www.facebook.com,https://festivalguidesandreviews.com/florida-festivals/
2027-02-27,2027-02-27,2/27*,Coconut Creek Butterfly Festival,Coconut Creek,active,True,,,https://www.facebook.com/events/sabal-pines-park/coconut-creek-butterfly-festival/785253137730340/,www.facebook.com,https://festivalguidesandreviews.com/florida-festivals/
2027-02-27,2027-02-27,2/27*,Shrimp and Grits Festival,Destin,active,True,,,https://www.facebook.com/shrimpandgritsdestin,www.facebook.com,https://festivalguidesandreviews.com/florida-festivals/
2027-02-27,2027-02-27,2/27,Howey Artisan Market at Mission Resort and Club II,Howey in the Hills,active,False,,,https://www.facebook.com/events/1618016786356990/1618018003023535/?acontext=%7B%22event_action_history%22%3A[%7B%22extra_data%22%3A%22%22%2C%22mechanism%22%3A%22surface%22%2C%22surface%22%3A%22permalink%22%7D%2C%7B%22extra_data%22%3A%22%22%2C%22mechanism%22%3A%22surface%22%2C%22surface%22%3A%22permalink%22%7D%2C%7B%22extra_data%22%3A%22%22%2C%22mechanism%22%3A%22surface%22%2C%22surface%22%3A%22permalink%22%7D]%2C%22ref_notif_type%22%3Anull%7D,www.facebook.com,https://festivalguidesandreviews.com/florida-festivals/
2027-02-27,2027-02-27,2/27*,WuffStock Festival,Lake City,active,True,,,https://www.covenantpettrust.org/events,www.covenantpettrust.org,https://festivalguidesandreviews.com/florida-festivals/
2027-02-27,2027-02-27,2/27*,Mexico Beach Gumbo and Brunswick Stew Cook-off,Mexico Beach,active,True,,,https://mexicobeach.com/event/gumbo-cook-off/,mexicobeach.com,https://festivalguidesandreviews.com/florida-festivals/
2027-02-27,2027-02-27,2/27*,Afro Carib Festival,Miramar,active,True,,,https://www.afrocaribfestmiramar.com/,www.afrocaribfestmiramar.com,https://festivalguidesandreviews.com/florida-festivals/
2027-02-27,2027-02-27,2/27*,"Mermaids and Pirates and Seafood, Oh My!",New Smyrna Beach,active,True,,,https://pyracy.com/events/event/643-5th-annual-mermaids-pirates-seafood-oh-my-newsmyrna-fl/,pyracy.com,https://festivalguidesandreviews.com/florida-festivals/
2027-02-27,2027-02-27,2/27*,Avalon Spring Fest: Lunar New Year Festival,Orlando,active,True,,,https://asiatrend.org/event/4th-annual-avalon-springfest-2026-lunar-new-year-festival/,asiatrend.org,https://festivalguidesandreviews.com/florida-festivals/
2027-02-27,2027-02-27,2/27*,Sausage Fest,Pinellas Park,active,True,,,https://germantampa.com/sausagefest/,germantampa.com,https://festivalguidesandreviews.com/florida-festivals/
2027-02-27,2027-02-27,2/27*,Northeast Florida Scottish Highland Games,Green Cove Springs,active,True,,,https://neflgames.org/,neflgames.org,https://festivalguidesandreviews.com/florida-festivals/
2027-02-27,2027-02-27,2/27*,Tampa Taco Fest,Tampa,active,True,,,https://813tacofest.com/,813tacofest.com,https://festivalguidesandreviews.com/florida-festivals/
2027-02-27,2027-02-27,2/27*,Umatilla Chili and BBQ Cook-off,Umatilla,active,True,,,https://allevents.in/umatilla/9th-annual-chili-and-bbq-cookoff-throwdown/200027741996748#,allevents.in,https://festivalguidesandreviews.com/florida-festivals/
2027-02-27,2027-02-27,2/27*,Florida ASL Festival,West Palm Beach,active,True,,,https://floridaasl.com/,floridaasl.com,https://festivalguidesandreviews.com/florida-festivals/
2027-02-27,2027-02-27,2/27*,Fuel Fest,West Palm Beach,active,True,,,https://fuelfest.com/south-florida,fuelfest.com,https://festivalguidesandreviews.com/florida-festivals/
2027-02-27,2027-02-27,2/27,Paulie Palooza Music Festival,Zephyrhills,active,False,,,https://app.betterunite.com/gulfsidehospice-pauliepalooza2026,app.betterunite.com,https://festivalguidesandreviews.com/florida-festivals/
2027-02-27,2027-02-28,2/27-2/28*,Clearwater Sea-Blues Festival,Clearwater,active,True,,,https://www.facebook.com/clearwaterseablues,www.facebook.com,https://festivalguidesandreviews.com/florida-festivals/
2027-02-27,2027-02-28,2/27-2/28*,Bay Area Renaissance Festival III,Dade City,active,True,,,https://www.bayarearenfest.com/,www.bayarearenfest.com,https://festivalguidesandreviews.com/florida-festivals/
2027-02-27,2027-02-28,2/27-2/28*,Florida Renaissance Festival and Craft Village IV,Deerfield Beach,active,True,,,http://www.ren-fest.com/,www.ren-fest.com,https://festivalguidesandreviews.com/florida-festivals/
2027-02-27,2027-02-28,2/27-2/28*,Delray Beach Garlic Fest,Delray Beach,active,True,,,https://www.facebook.com/GarlicFestFL,www.facebook.com,https://festivalguidesandreviews.com/florida-festivals/
2027-02-27,2027-02-28,2/27-2/28*,Amber Brooke Farm Strawberry Festival: Eustis I,Eustis,active,True,,,https://amberbrookefarms.com/annual-strawberry-festival/,amberbrookefarms.com,https://festivalguidesandreviews.com/florida-festivals/
2027-02-27,2027-02-28,2/27-2/28*,Anna Maria Island Springfest,Holmes Beach,active,True,,,https://annamariaislandchamber.org/event/the-invitational-at-holmes-beach-springfest-art-craft-show-feb-28-march-1/,annamariaislandchamber.org,https://festivalguidesandreviews.com/florida-festivals/
2027-02-27,2027-02-28,2/27-2/28*,World of Nations Celebration,Jacksonville,active,True,,,https://events.jacksonville.gov/special-events/world-of-nations-celebration,events.jacksonville.gov,https://festivalguidesandreviews.com/florida-festivals/
2027-02-27,2027-02-28,2/27-2/28*,Lake Wales Arts Festival,Lake Wales,active,True,,,https://www.lakewalesartscouncil.org/buy-tickets?pg=selectevent&eid=143551&edid=0,www.lakewalesartscouncil.org,https://festivalguidesandreviews.com/florida-festivals/
2027-02-27,2027-02-28,2/27-2/28*,Live Oak Strawberry Fest,Live Oak,active,True,,,https://www.liveoakfestival.com/,www.liveoakfestival.com,https://festivalguidesandreviews.com/florida-festivals/
2027-02-27,2027-02-28,2/27-2/28*,The Gulf Coast Renaissance Faire I,Milton,active,True,,,http://gcrf.us/,gcrf.us,https://festivalguidesandreviews.com/florida-festivals/
2027-02-27,2027-02-28,2/27-2/28*,Amber Brooke Farm Strawberry Festival: Mount Dora III,Mount Dora,active,True,,,https://amberbrookefarms.com/annual-strawberry-festival/,amberbrookefarms.com,https://festivalguidesandreviews.com/florida-festivals/
2027-02-27,2027-02-28,2/27-2/28*,Florida Bohemian Festival,Palm Coast,active,True,,,https://www.visitstaugustine.com/event/florida-bohemian-festival,www.visitstaugustine.com,https://festivalguidesandreviews.com/florida-festivals/
2027-02-27,2027-02-28,2/27-2/28*,Princess Place Preserve Pow Wow/Flagler County Native American Festival,Palm Coast,active,True,,,https://www.facebook.com/photo/?fbid=1475806397885374&set=a.460026106130080,www.facebook.com,https://festivalguidesandreviews.com/florida-festivals/
2027-02-27,2027-02-28,2/27-2/28*,Gasparilla Festival of the Arts,Tampa,active,True,,,https://gasparillaarts.com/,gasparillaarts.com,https://festivalguidesandreviews.com/florida-festivals/
2027-02-28,2027-02-28,2/28*,Orlando Holi Festival,Orlando,active,True,,,https://www.premiertickets.co/event/orlando-holi-festival-2026/?fbclid=IwY2xjawQANSdleHRuA2FlbQIxMABicmlkETJLWUROMzVsVzIyWGI1WTZKc3J0YwZhcHBfaWQQMjIyMDM5MTc4ODIwMDg5MgABHlABoiSxT96f54dMw6qqRqZJBLO2E-UGd0oLTIPgSmFT0qBPCunX3PGTOvGo_aem_IFhknnNtEahRybg6girETg,www.premiertickets.co,https://festivalguidesandreviews.com/florida-festivals/
2027-02-28,2027-02-28,2/28*,Field Day Music Festival,Tallahassee,active,True,,,https://www.fielddaytallahassee.com/,www.fielddaytallahassee.com,https://festivalguidesandreviews.com/florida-festivals/
2027-03-01,2027-03-07,3/1-3/7*,Festival of the Arts Boca II,Boca Raton,active,True,,,https://festivalboca.org/,festivalboca.org,https://festivalguidesandreviews.com/florida-festivals/
2027-03-01,2027-03-07,3/1-3/7*,Daytona Beach Bike Week II,Daytona Beach,active,True,,,https://www.officialbikeweek.com/,www.officialbikeweek.com,https://festivalguidesandreviews.com/florida-festivals/
2027-03-01,2027-03-07,3/1-3/7*,Florida Strawberry Festival II,Plant City,active,True,,,http://www.flstrawberryfestival.com/,www.flstrawberryfestival.com,https://festivalguidesandreviews.com/florida-festivals/
2027-03-04,2027-03-06,3/4-3/6*,St. Petersburg International Folk Fair (SPIFF),St. Petersburg,active,True,,,https://www.spiffs.org/,www.spiffs.org,https://festivalguidesandreviews.com/florida-festivals/
2027-03-04,2027-03-07,3/4-3/7*,Little Flower Carnival,Hollywood,active,True,,,https://www.facebook.com/littleflowerhollywood,www.facebook.com,https://festivalguidesandreviews.com/florida-festivals/
2027-03-05,2027-03-06,3/5-3/6*,Chalo Nitka Festival and Rodeo,Moore Haven,active,True,,,http://chalonitkafestival.com/,chalonitkafestival.com,https://festivalguidesandreviews.com/florida-festivals/
2027-03-05,2027-03-06,3/5-3/6*,Flluxe Arts Festival,Panama City,active,True,,,https://destinationpanamacity.com/annual-event/flluxe-arts-festival/,destinationpanamacity.com,https://festivalguidesandreviews.com/florida-festivals/
2027-03-05,2027-03-06,3/5-3/6*,Panama City Beach Scottish Festival,Panama City Beach,active,True,,,https://www.pcbscottishfestival.com/,www.pcbscottishfestival.com,https://festivalguidesandreviews.com/florida-festivals/
2027-03-05,2027-03-07,3/5-3/7*,Thundering Spirit Family Pow Wow,Mount Dora,active,True,,,https://thunderingspiritfamily.com/,thunderingspiritfamily.com,https://festivalguidesandreviews.com/florida-festivals/
2027-03-05,2027-03-07,3/5-3/7*,Babcock Ranch Reggae Festival,Punta Gorda,active,True,,,https://www.paragonfestivals.com/festival/babcock-ranch-reggae-festival/,www.paragonfestivals.com,https://festivalguidesandreviews.com/florida-festivals/
2027-03-05,2027-03-07,3/5-3/7*,Dream Asia Food Fest,Tampa,active,True,,,https://www.dreamasiafest.com/,www.dreamasiafest.com,https://festivalguidesandreviews.com/florida-festivals/
2027-03-05,2027-03-07,3/5-3/7*,Italian Food Festival,Vero Beach,active,True,,,https://italianamericanvero.com/event/italian-food-festival-2026/,italianamericanvero.com,https://festivalguidesandreviews.com/florida-festivals/
2027-03-06,2027-03-06,3/6*,Pride Cape Coral,Cape Coral,active,True,,,https://www.facebook.com/PRIDECapeCoral/,www.facebook.com,https://festivalguidesandreviews.com/florida-festivals/
2027-03-06,2027-03-06,3/6*,Festival Dor De Moldova,Casselberry,active,True,,,https://www.facebook.com/profile.php?id=100088530885990,www.facebook.com,https://festivalguidesandreviews.com/florida-festivals/
2027-03-06,2027-03-06,3/6,Cracker Cowboy Day,Dade City,active,False,,,https://www.pioneerfloridamuseum.org/index.php?option=com_content&view=article&id=152&Itemid=74,www.pioneerfloridamuseum.org,https://festivalguidesandreviews.com/florida-festivals/
2027-03-06,2027-03-06,3/6*,Dunedin Seafood and Music Festival,Dunedin,active,True,,,https://www.facebook.com/DunedinSeafoodFestival,www.facebook.com,https://festivalguidesandreviews.com/florida-festivals/
2027-03-06,2027-03-06,3/6*,Lake Alfred Heritage Festival,Lake Alfred,active,True,,,https://www.facebook.com/events/863987156450640,www.facebook.com,https://festivalguidesandreviews.com/florida-festivals/
2027-03-06,2027-03-06,3/6*,Lakewood Ranch Irish Celtic Festival,Lakewood Ranch,active,True,,,https://lakewoodranch.com/event/irish-celtic-festival/,lakewoodranch.com,https://festivalguidesandreviews.com/florida-festivals/
2027-03-06,2027-03-06,3/6*,Longwood Strawberry Fest,Longwood,active,True,,,https://www.facebook.com/events/1615206326138366/,www.facebook.com,https://festivalguidesandreviews.com/florida-festivals/
2027-03-06,2027-03-06,3/6*,Naples Craft Beer Festival,Naples,active,True,,,https://www.facebook.com/naplescraftbeerfestival/,www.facebook.com,https://festivalguidesandreviews.com/florida-festivals/
2027-03-06,2027-03-06,3/6*,Spring Navarre Market,Navarre,active,True,,,https://navarrebeach.com/event/spring-navarre-market-2/,navarrebeach.com,https://festivalguidesandreviews.com/florida-festivals/
2027-03-06,2027-03-06,3/6*,Festival Latino Downtown Ocala,Ocala,active,True,,,https://www.facebook.com/latinfestivalocala/,www.facebook.com,https://festivalguidesandreviews.com/florida-festivals/
2027-03-06,2027-03-06,3/6*,Habitat Ocala Strawberry Festival,Ocala,active,True,,,https://www.facebook.com/HfHMCStrawberryFestival,www.facebook.com,https://festivalguidesandreviews.com/florida-festivals/
2027-03-06,2027-03-06,3/6*,Taste of Oviedo,Oviedo,active,True,,,https://www.owsrcc.org/tasteofoviedo,www.owsrcc.org,https://festivalguidesandreviews.com/florida-festivals/
2027-03-06,2027-03-06,3/6*,Palm Bay Multicultural Festival,Palm Bay,active,True,,,https://www.facebook.com/events/1537481894141014,www.facebook.com,https://festivalguidesandreviews.com/florida-festivals/
2027-03-06,2027-03-06,3/6*,Palm Coast-Flagler Regional Chamber of Commerce SpringFest,Palm Coast,active,True,,,https://www.facebook.com/events/1666736937632543/,www.facebook.com,https://festivalguidesandreviews.com/florida-festivals/
2027-03-06,2027-03-06,3/6*,Parrish Florida Chili Cookoff,Parrish,active,True,,,https://parrishcivicassociation.com/parrish-heritage-day-parade-and-festival/,parrishcivicassociation.com,https://festivalguidesandreviews.com/florida-festivals/
2027-03-06,2027-03-06,3/6*,Tallahassee Pride in the Park,Tallahassee,active,True,,,https://www.facebook.com/events/1313718170483758/,www.facebook.com,https://festivalguidesandreviews.com/florida-festivals/
2027-03-06,2027-03-06,3/6*,Florida Brewers Guild Craft Beer Festival,Tampa,active,True,,,https://floridabrewers.org/events,floridabrewers.org,https://festivalguidesandreviews.com/florida-festivals/
2027-03-06,2027-03-06,3/6*,Umatilla Chili and BBQ Cook-off,Umatilla,active,True,,,https://allevents.in/umatilla/9th-annual-chili-and-bbq-cookoff-throwdown/200027741996748#,allevents.in,https://festivalguidesandreviews.com/florida-festivals/
2027-03-06,2027-03-07,3/6-3/7*,Cocoa Village Art and Craft Fair I,Cocoa,active,True,,,https://visitcocoavillage.com/events/art-craft-fairs,visitcocoavillage.com,https://festivalguidesandreviews.com/florida-festivals/
2027-03-06,2027-03-07,3/6-3/7*,Bay Area Renaissance Festival IV,Dade City,active,True,,,https://www.bayarearenfest.com/,www.bayarearenfest.com,https://festivalguidesandreviews.com/florida-festivals/
2027-03-06,2027-03-07,3/6-3/7*,Florida Renaissance Festival and Craft Village V,Deerfield Beach,active,True,,,http://www.ren-fest.com/,www.ren-fest.com,https://festivalguidesandreviews.com/florida-festivals/
2027-03-06,2027-03-07,3/6-3/7*,Amber Brooke Farm Strawberry Festival: Eustis II,Eustis,active,True,,,https://amberbrookefarms.com/annual-strawberry-festival/,amberbrookefarms.com,https://festivalguidesandreviews.com/florida-festivals/
2027-03-06,2027-03-07,3/6-3/7*,Floral City Strawberry Festival,Floral City,active,True,,,http://www.gostrawberryfest.com/,www.gostrawberryfest.com,https://festivalguidesandreviews.com/florida-festivals/
2027-03-06,2027-03-07,3/6-3/7*,Fort Myers Beach Lions Club Shrimp Festival,Fort Myers Beach,active,True,,,https://fortmyersbeachshrimpfestival.com/,fortmyersbeachshrimpfestival.com,https://festivalguidesandreviews.com/florida-festivals/
2027-03-06,2027-03-07,3/6-3/7*,Grant Seafood Festival,Grant-Valkaria,active,True,,,https://www.grantseafoodfestival.com/,www.grantseafoodfestival.com,https://festivalguidesandreviews.com/florida-festivals/
2027-03-06,2027-03-07,3/6-3/7*,Clay County Strawberry Fest,Green Cove Springs,active,True,,,https://www.facebook.com/ClayCountyStrawberryFest,www.facebook.com,https://festivalguidesandreviews.com/florida-festivals/
2027-03-06,2027-03-07,3/6-3/7*,Rotary Club of Homestead Stone Crab and Seafood Festival,Homestead,active,True,,,https://www.facebook.com/HomesteadSeafoodFestival/,www.facebook.com,https://festivalguidesandreviews.com/florida-festivals/
2027-03-06,2027-03-07,3/6-3/7*,Lake Mary,Heathrow Festival of the Arts,active,True,,Lake Mary,,,https://festivalguidesandreviews.com/florida-festivals/
2027-03-06,2027-03-07,3/6-3/7*,Jazz in the Gardens Music Fest,Miami Gardens,active,True,,,https://jazzinthegardens.com/jitg-music-fest/,jazzinthegardens.com,https://festivalguidesandreviews.com/florida-festivals/
2027-03-06,2027-03-07,3/6-3/7*,The Gulf Coast Renaissance Faire II,Milton,active,True,,,http://gcrf.us/,gcrf.us,https://festivalguidesandreviews.com/florida-festivals/
2027-03-06,2027-03-07,3/6-3/7*,Tampa Fine Art Show,Tampa,active,True,,,https://hotworks.org/events-hot-works/,hotworks.org,https://festivalguidesandreviews.com/florida-festivals/
2027-03-07,2027-03-07,3/7*,Honey Bee and Wine Fest at Whispering Oaks Winery,Oxford,active,True,,,https://www.facebook.com/events/925356276599867,www.facebook.com,https://festivalguidesandreviews.com/florida-festivals/
2027-03-07,2027-03-07,3/7*,Spring into Fun Community Event,Ponte Vedra Beach,active,True,,,https://www.eventbrite.com/e/2nd-annual-spring-into-fun-tickets-1138371753559,www.eventbrite.com,https://festivalguidesandreviews.com/florida-festivals/
2027-03-07,2027-03-07,3/7,Taste of Punta Gorda,Punta Gorda,active,False,,,https://tasteofpuntagorda.org/,tasteofpuntagorda.org,https://festivalguidesandreviews.com/florida-festivals/
2027-03-07,2027-03-07,3/7*,Sanford Food Truck Fiesta III,Sanford,active,True,,,https://sanfordfl.gov/event-calendar/,sanfordfl.gov,https://festivalguidesandreviews.com/florida-festivals/
2027-03-11,2027-03-13,3/11-3/13*,Emerald Coast Cruizin’ Car Show: Spring,Panama City Beach,active,True,,,https://www.eventbrite.com/e/emerald-coast-cruizin-spring-2026-tickets-1967850318275,www.eventbrite.com,https://festivalguidesandreviews.com/florida-festivals/
2027-03-11,2027-03-13,3/11-3/13*,Florideah Swampfest,Wildwood,active,True,,,https://www.florideahswampfest.com/,www.florideahswampfest.com,https://festivalguidesandreviews.com/florida-festivals/
2027-03-11,2027-03-14,3/11-3/14*,Reggae Rise Up,St. Petersburg,active,True,,,https://reggaeriseup.com/florida/,reggaeriseup.com,https://festivalguidesandreviews.com/florida-festivals/
2027-03-12,2027-03-13,3/12-3/13*,Clewiston Sugar Festival,Clewiston,active,True,,,https://www.clewistonsugarfestival.com/,www.clewistonsugarfestival.com,https://festivalguidesandreviews.com/florida-festivals/
2027-03-12,2027-03-13,3/12-3/13*,Gainesville Guitar Festival,Gainesville,active,True,,,https://www.facebook.com/events/853122740453287/,www.facebook.com,https://festivalguidesandreviews.com/florida-festivals/
2027-03-12,2027-03-13,3/12-3/13*,Shamrockin’ Fest,Leesburg,active,True,,,https://www.shamrockinfest.com/,www.shamrockinfest.com,https://festivalguidesandreviews.com/florida-festivals/
2027-03-12,2027-03-14,3/12-3/14*,Manatee County Seafood and Music Festival,Bradenton,active,True,,,https://www.paragonfestivals.com/festival/manatee-county-seafood-music-festival/,www.paragonfestivals.com,https://festivalguidesandreviews.com/florida-festivals/
2027-03-12,2027-03-14,3/12-3/14*,Will McLean Music Festival,Brooksville,active,True,,,https://www.willmclean.com/,www.willmclean.com,https://festivalguidesandreviews.com/florida-festivals/
2027-03-12,2027-03-14,3/12-3/14*,Groundup Music Festival,Miami Beach,active,True,,,https://www.facebook.com/GroundUpFest,www.facebook.com,https://festivalguidesandreviews.com/florida-festivals/
2027-03-12,2027-03-14,3/12-3/14*,Sarasota County Fair I,Sarasota,active,True,,,https://www.sarasotafair.com/,www.sarasotafair.com,https://festivalguidesandreviews.com/florida-festivals/
2027-03-12,2027-03-14,3/12-3/14*,Crooked Can Celtic Festival,Winter Garden,active,True,,,https://www.instagram.com/p/DUv1YqnEdfI/,www.instagram.com,https://festivalguidesandreviews.com/florida-festivals/
2027-03-13,2027-03-13,3/13*,Shamrock Festival,Ave Maria,active,True,,,https://www.facebook.com/events/1796533344293057/,www.facebook.com,https://festivalguidesandreviews.com/florida-festivals/
2027-03-13,2027-03-13,3/13*,Dania Beach Wine and Seafood Festival,Dania Beach,active,True,,,https://daniabeachwineandseafoodfest.com,daniabeachwineandseafoodfest.com,https://festivalguidesandreviews.com/florida-festivals/
2027-03-13,2027-03-13,3/13*,Sun Drop Festival,Daytona Beach,active,True,,,https://www.eventbrite.com/e/sun-drop-festival-tickets-1980032617861?aff=erelexpmlt,www.eventbrite.com,https://festivalguidesandreviews.com/florida-festivals/
2027-03-13,2027-03-13,3/13*,St. Patrick’s Day Parade and Festival,Delray Beach,active,True,,,https://stpatsdelray.com/,stpatsdelray.com,https://festivalguidesandreviews.com/florida-festivals/
2027-03-13,2027-03-13,3/13*,ShrimpaPalooza,Homosassa,active,True,,,https://www.facebook.com/HSRotaryClub,www.facebook.com,https://festivalguidesandreviews.com/florida-festivals/
2027-03-13,2027-03-13,3/13*,Land O’ Lakes Seafood Festival,Land O’ Lakes,active,True,,,https://floridapenguinproductions.com/upcoming-events-list,floridapenguinproductions.com,https://festivalguidesandreviews.com/florida-festivals/
2027-03-13,2027-03-13,3/13*,Barefoot Mailman Family Beach Day,Lantana,active,True,,,https://www.lantana.org/240/Enjoy-Lantana-Events,www.lantana.org,https://festivalguidesandreviews.com/florida-festivals/
2027-03-13,2027-03-13,3/13*,"Brew Miami: Beats, Bites and Brews",Miami,active,True,,,https://www.eventbrite.com/e/brew-miami-2026-tickets-1708588497189?aff=oddtdtcreator&utm_source=ig&utm_medium=social&utm_content=link_in_bio&fbclid=PAZXh0bgNhZW0CMTEAc3J0YwZhcHBfaWQMMjU2MjgxMDQwNTU4AAGnxdFjB1QnnYaCkgVGdPKArsxldGjYZrxRfwump0HbZHzX3CT7RmCX5mMOCtI_aem_3tKnHgaTiGmOgw7FcZrWyg,www.eventbrite.com,https://festivalguidesandreviews.com/florida-festivals/
2027-03-13,2027-03-13,3/13*,Mulberry Chili Cook-Off,Mulberry,active,True,,,https://www.cityofmulberryfl.org/city-programs/page/mulberry-chili-cook-0,www.cityofmulberryfl.org,https://festivalguidesandreviews.com/florida-festivals/
2027-03-13,2027-03-13,3/13*,Oviedo St. Patrick’s Day Festival at Center Lake Park,Oviedo,active,True,,,https://www.facebook.com/events/1460211745675095,www.facebook.com,https://festivalguidesandreviews.com/florida-festivals/
2027-03-13,2027-03-13,3/13*,Island Fest: Mullet Toss and Seafood Festival,Pine Island,active,True,,,http://pineislandchamber.org/chamber-events/annual-events/islandfest/,pineislandchamber.org,https://festivalguidesandreviews.com/florida-festivals/
2027-03-13,2027-03-13,3/13*,St. Patrick’s Day Festival at the MIDFLORIDA Event Center,Port Saint Lucie,active,True,,,https://www.midfloridaeventcenter.com/Events/PSL-Irish-Festival,www.midfloridaeventcenter.com,https://festivalguidesandreviews.com/florida-festivals/
2027-03-13,2027-03-13,3/13*,River O’Green Fest,Tampa,active,True,,,https://www.tampasdowntown.com/events/river-ogreen/,www.tampasdowntown.com,https://festivalguidesandreviews.com/florida-festivals/
2027-03-13,2027-03-14,3/13-3/14*,Suncreek Brewery Irish Fest,Clermont,active,True,,,https://www.facebook.com/events/1417026720157375/?acontext=%7B%22event_action_history%22%3A[%7B%22mechanism%22%3A%22attachment%22%2C%22surface%22%3A%22newsfeed%22%7D]%2C%22ref_notif_type%22%3Anull%7D,www.facebook.com,https://festivalguidesandreviews.com/florida-festivals/
2027-03-13,2027-03-14,3/13-3/14*,Bay Area Renaissance Festival V,Dade City,active,True,,,https://www.bayarearenfest.com/,www.bayarearenfest.com,https://festivalguidesandreviews.com/florida-festivals/
2027-03-13,2027-03-14,3/13-3/14*,Florida Renaissance Festival and Craft Village VI,Deerfield Beach,active,True,,,http://www.ren-fest.com/,www.ren-fest.com,https://festivalguidesandreviews.com/florida-festivals/
2027-03-13,2027-03-14,3/13-3/14*,Amber Brooke Farm Strawberry Festival: Eustis III,Eustis,active,True,,,https://amberbrookefarms.com/annual-strawberry-festival/,amberbrookefarms.com,https://festivalguidesandreviews.com/florida-festivals/
2027-03-13,2027-03-14,3/13-3/14*,Hutchinson Island Seafood Festival,Fort Pierce,active,True,,,https://treasurecoastseafoodfest.com/,treasurecoastseafoodfest.com,https://festivalguidesandreviews.com/florida-festivals/
2027-03-13,2027-03-14,3/13-3/14*,Original Marathon Seafood Festival,Marathon,active,True,,,https://marathonseafoodfestival.com/,marathonseafoodfestival.com,https://festivalguidesandreviews.com/florida-festivals/
2027-03-13,2027-03-14,3/13-3/14*,Strawberry Fest at Wickham Park,Melbourne,active,True,,,https://www.melbourne-fest.com/,www.melbourne-fest.com,https://festivalguidesandreviews.com/florida-festivals/
2027-03-13,2027-03-14,3/13-3/14*,Naples Fine Art Show I,Naples,active,True,,,https://hotworks.org/events-hot-works/,hotworks.org,https://festivalguidesandreviews.com/florida-festivals/
2027-03-13,2027-03-14,3/13-3/14*,Speckled Perch Festival and Parade,Okeechobee,active,True,,,https://okeechobeemainstreet.org/speckled-perch-festival/,okeechobeemainstreet.org,https://festivalguidesandreviews.com/florida-festivals/
2027-03-13,2027-03-14,3/13-3/14*,Royal Palm Beach Seafood Festival,Royal Palm Beach,active,True,,,https://www.pottcevents.com/royal-palm-beach-seafood-festival.html,www.pottcevents.com,https://festivalguidesandreviews.com/florida-festivals/
2027-03-13,2027-03-14,3/13-3/14*,St. Augustine Celtic Music and Heritage Festival,St. Augustine,active,True,,,https://www.celticstaugustine.com/,www.celticstaugustine.com,https://festivalguidesandreviews.com/florida-festivals/
2027-03-14,2027-03-14,3/14*,Destin Mac and Cheese Festival,Destin,active,True,,,https://www.facebook.com/events/destin-commons/8th-annual-mac-cheese-festival/2031004891027699/,www.facebook.com,https://festivalguidesandreviews.com/florida-festivals/
2027-03-14,2027-03-14,3/14*,Calle Ocho Music Festival,Miami,active,True,,,https://carnavalmiami.com/events/calle-ocho/,carnavalmiami.com,https://festivalguidesandreviews.com/florida-festivals/
2027-03-15,2027-03-21,3/15-3/21*,Sarasota County Fair II,Sarasota,active,True,,,https://www.sarasotafair.com/,www.sarasotafair.com,https://festivalguidesandreviews.com/florida-festivals/
2027-03-16,2027-03-16,3/16*,St. Patrick’s Day Festival at Spanish Springs Town Square,The Villages,active,True,,,https://www.thevillagesentertainment.com/special-events/st-patricks-day-festival/,www.thevillagesentertainment.com,https://festivalguidesandreviews.com/florida-festivals/
2027-03-18,2027-03-21,3/18-3/21*,Suwannee Spring Reunion,Live Oak,active,True,,,https://suwanneespringreunion.com/,suwanneespringreunion.com,https://festivalguidesandreviews.com/florida-festivals/
2027-03-18,2027-03-21,3/18-3/21*,Okeechobee Music and Arts Festival,Okeechobee,active,True,,,https://www.okeechobeefest.com/,www.okeechobeefest.com,https://festivalguidesandreviews.com/florida-festivals/
2027-03-19,2027-03-21,3/19-3/21*,Chasco Fiesta I,New Port Richey,active,True,,,https://chascofiesta.com/,chascofiesta.com,https://festivalguidesandreviews.com/florida-festivals/
2027-03-19,2027-03-21,3/19-3/21*,St. Petersburg Bayfest,St. Petersburg,active,True,,,https://www.paragonfestivals.com/festival/st-petersburg-bayfest/,www.paragonfestivals.com,https://festivalguidesandreviews.com/florida-festivals/
2027-03-19,2027-03-21,3/19-3/21*,The Winter Park Sidewalk Art Festival,Winter Park,active,True,,,https://www.wpsaf.org/,www.wpsaf.org,https://festivalguidesandreviews.com/florida-festivals/
2027-03-20,2027-03-20,3/20*,Down Home Street Festival,Bonifay,active,True,,,https://www.downhomestreetfestival.com,www.downhomestreetfestival.com,https://festivalguidesandreviews.com/florida-festivals/
2027-03-20,2027-03-20,3/20,Orange-A-Fair,Citra,active,False,,,https://www.citraimprovementsociety.org/,www.citraimprovementsociety.org,https://festivalguidesandreviews.com/florida-festivals/
2027-03-20,2027-03-20,3/20*,Empress Menen’s Earthstrong Celebration,Clermont,active,True,,,https://www.eventbrite.com/e/empress-menens-earthstrong-celebration-tickets-1983050873545?aff=ebdsoporgprofile,www.eventbrite.com,https://festivalguidesandreviews.com/florida-festivals/
2027-03-20,2027-03-20,3/20*,Small Town Boots and Brews Country Music Festival,Englewood,active,True,,,https://englewoodfestival.com/,englewoodfestival.com,https://festivalguidesandreviews.com/florida-festivals/
2027-03-20,2027-03-20,3/20*,Japanese Food and Culture Day Festival,Gulf Breeze,active,True,,,https://www.facebook.com/events/st-sylvester-catholic-church/japanese-food-and-culture-day/2022856561900354/,www.facebook.com,https://festivalguidesandreviews.com/florida-festivals/
2027-03-20,2027-03-20,3/20*,Kowtown Festival,Kissimmee,active,True,,,https://www.kissimmee.gov/Parks-Recreation-Events/Events-Festivals/Kowtown-Festival,www.kissimmee.gov,https://festivalguidesandreviews.com/florida-festivals/
2027-03-20,2027-03-20,3/20*,Earthday Birthday Music Festival,Orlando,active,True,,,https://www.facebook.com/earthdaybirthday/,www.facebook.com,https://festivalguidesandreviews.com/florida-festivals/
2027-03-20,2027-03-20,3/20*,Panacea Beer and Oyster Festival,Panacea,active,True,,,https://www.visitpanacea.org/,www.visitpanacea.org,https://festivalguidesandreviews.com/florida-festivals/
2027-03-20,2027-03-20,3/20*,Blues on Rein,Port St. Joe,active,True,,,https://www.facebook.com/BluesOnReid/,www.facebook.com,https://festivalguidesandreviews.com/florida-festivals/
2027-03-20,2027-03-21,3/20-3/21*,Asian Glow Fest Spring Lanterns Festival,Dade City,active,True,,,https://www.eventbrite.com/e/asian-glow-fest-spring-lanterns-festival-2026-lights-food-music-magic-tickets-1962734839741,www.eventbrite.com,https://festivalguidesandreviews.com/florida-festivals/
2027-03-20,2027-03-21,3/20-3/21*,Bay Area Renaissance Festival VI,Dade City,active,True,,,https://www.bayarearenfest.com/,www.bayarearenfest.com,https://festivalguidesandreviews.com/florida-festivals/
2027-03-20,2027-03-21,3/20-3/21*,Florida Renaissance Festival and Craft Village VI,Deerfield Beach,active,True,,,http://www.ren-fest.com/,www.ren-fest.com,https://festivalguidesandreviews.com/florida-festivals/
2027-03-20,2027-03-21,3/20-3/21*,Kanapaha Botanical Gardens Spring Garden Festival,Gainesville,active,True,,,https://www.facebook.com/events/1177297584326542,www.facebook.com,https://festivalguidesandreviews.com/florida-festivals/
2027-03-20,2027-03-21,3/20-3/21*,The Miami Seafood Festival,Homestead,active,True,,,https://www.miamidade.gov/fruitandspicepark/eventDetail.page?id=307,www.miamidade.gov,https://festivalguidesandreviews.com/florida-festivals/
2027-03-20,2027-03-21,3/20-3/21*,Key Largo Seafood Music and Art Festival,Key Largo,active,True,,,https://www.festivalandevent.com/,www.festivalandevent.com,https://festivalguidesandreviews.com/florida-festivals/
2027-03-20,2027-03-21,3/20-3/21*,Lake Helen Strawberry Fest,Lake Helen,active,True,,,https://www.lakehelenfest.com/,www.lakehelenfest.com,https://festivalguidesandreviews.com/florida-festivals/
2027-03-20,2027-03-21,3/20-3/21*,Naples Downtown Art Fair,Naples,active,True,,,https://www.facebook.com/events/1105401444808463,www.facebook.com,https://festivalguidesandreviews.com/florida-festivals/
2027-03-20,2027-03-21,3/20-3/21*,Safety Harbor Bloom N Chalkfest,Safety Harbor,active,True,,,https://www.bloomnchalkfest.com/,www.bloomnchalkfest.com,https://festivalguidesandreviews.com/florida-festivals/
2027-03-20,2027-03-21,3/20-3/21*,Sarasota Fine Art Show II,Sarasota,active,True,,,https://hotworks.org/events-hot-works/,hotworks.org,https://festivalguidesandreviews.com/florida-festivals/
2027-03-20,2027-03-21,3/20-3/21*,Sebastian ShrimpFest,Sebastian,active,True,,,https://shrimpfestfl.org/,shrimpfestfl.org,https://festivalguidesandreviews.com/florida-festivals/
2027-03-20,2027-03-21,3/20-3/21*,St. Augustine Lions Seafood Festival,St. Augustine,active,True,,,https://www.facebook.com/staugustinelionsfestival,www.facebook.com,https://festivalguidesandreviews.com/florida-festivals/
2027-03-22,2027-03-27,3/22-3/27*,Chasco Fiesta II,New Port Richey,active,True,,,https://chascofiesta.com/,chascofiesta.com,https://festivalguidesandreviews.com/florida-festivals/
2027-03-25,2027-03-27,3/25-3/27*,EMS Spring Bluegrass Fest,Brooksville,active,True,,,https://evansmediasource.com/events/2026-spring-bluegrass-festival/,evansmediasource.com,https://festivalguidesandreviews.com/florida-festivals/
2027-03-26,2027-03-27,3/26-3/27*,Springtime Tallahassee,Tallahassee,active,True,,,http://www.springtimetallahassee.com/kleman-plaza-music-festival-with-beer-garden/,www.springtimetallahassee.com,https://festivalguidesandreviews.com/florida-festivals/
2027-03-26,2027-03-28,3/26-3/28*,UpTown Art Expo,Altamonte Springs,active,True,,,https://www.uptownartexpo.com/,www.uptownartexpo.com,https://festivalguidesandreviews.com/florida-festivals/
2027-03-26,2027-03-28,3/26-3/28*,Pier 60 Sugar Sand Festival I,Clearwater,active,True,,,https://www.sugarsandfestival.com/,www.sugarsandfestival.com,https://festivalguidesandreviews.com/florida-festivals/
2027-03-26,2027-03-28,3/26-3/28*,FIHA Powwow,Fort Pierce,active,True,,,https://www.facebook.com/FIHApowwow,www.facebook.com,https://festivalguidesandreviews.com/florida-festivals/
2027-03-26,2027-03-28,3/26-3/28*,Ultra Music Festival,Miami,active,True,,,https://ultramusicfestival.com/,ultramusicfestival.com,https://festivalguidesandreviews.com/florida-festivals/
2027-03-26,2027-03-28,3/26-3/28*,Sarasota Reggae and Food Festival,Sarasota,active,True,,,https://www.paragonfestivals.com/festival/sarasota-reggae-and-food-festival/,www.paragonfestivals.com,https://festivalguidesandreviews.com/florida-festivals/
2027-03-26,2027-03-28,3/26-3/28*,Sunnyland Antique Boat Festival,Tavares,active,True,,,https://acbs-sunnyland.org/show-attendees/,acbs-sunnyland.org,https://festivalguidesandreviews.com/florida-festivals/
2027-03-27,2027-03-27,3/27*,Margarita and Taco Festival,Ave Maria,active,True,,,https://www.facebook.com/events/634231172804565/,www.facebook.com,https://festivalguidesandreviews.com/florida-festivals/
2027-03-27,2027-03-27,3/27*,Bluegrass and Blueberry Festival,Avon Park,active,True,,,https://rotaryclubofavonpark.com/,rotaryclubofavonpark.com,https://festivalguidesandreviews.com/florida-festivals/
2027-03-27,2027-03-27,3/27*,Spring Fling and BBQ,Bartow,active,True,,,https://mainstreetbartowfl.com/event-calendar,mainstreetbartowfl.com,https://festivalguidesandreviews.com/florida-festivals/
2027-03-27,2027-03-27,3/27*,Railroad Day Festival,Callahan,active,True,,,https://www.facebook.com/events/831978599364928,www.facebook.com,https://festivalguidesandreviews.com/florida-festivals/
2027-03-27,2027-03-27,3/27*,Triple B BBQ Cook-Off,Crestview,active,True,,,https://www.facebook.com/events/crestview-fl-united-states-florida-32536/2026-triple-b-bbq-festival-competition/725125866507508/,www.facebook.com,https://festivalguidesandreviews.com/florida-festivals/
2027-03-27,2027-03-27,3/27*,Jelly Bean Fling Spring Festival,Dade City,active,True,,,https://www.pioneerfloridamuseum.org/index.php?option=com_content&view=article&id=152&Itemid=74,www.pioneerfloridamuseum.org,https://festivalguidesandreviews.com/florida-festivals/
2027-03-27,2027-03-27,3/27*,Scottish-Celtic Music Festival,Davie,active,True,,,https://sassf.org/Music-Festival,sassf.org,https://festivalguidesandreviews.com/florida-festivals/
2027-03-27,2027-03-27,3/27*,Florida Wildflower and Garden Festival,DeLand,active,True,,,https://mainstreetdeland.org/event-package-and-tickets/p/2026-fl-wildflower-vendors,mainstreetdeland.org,https://festivalguidesandreviews.com/florida-festivals/
2027-03-27,2027-03-27,3/27*,Fort Lauderdale Beer Wine and Spirits Fest,Fort Lauderdale,active,True,,,https://www.beerwinespiritsfest.com/fl-fest,www.beerwinespiritsfest.com,https://festivalguidesandreviews.com/florida-festivals/
2027-03-27,2027-03-27,3/27*,Hogtown Craft Beer Festival,Gainesville,active,True,,,http://www.hogtownbeerfest.com/beerfest/,www.hogtownbeerfest.com,https://festivalguidesandreviews.com/florida-festivals/
2027-03-27,2027-03-27,3/27*,Groveland Founders Day Celebration,Groveland,active,True,,,http://groveland-fl.gov/35/Events-and-Programs,groveland-fl.gov,https://festivalguidesandreviews.com/florida-festivals/
2027-03-27,2027-03-27,3/27*,German American Society German Fest,Hollywood,active,True,,,https://www.germanamericanclubhollywood.org,www.germanamericanclubhollywood.org,https://festivalguidesandreviews.com/florida-festivals/
2027-03-27,2027-03-27,3/27,Howey Artisan Market at Mission Resort and Club III,Howey in the Hills,active,False,,,https://www.facebook.com/events/1618016786356990/1618017996356869/?acontext=%7B%22event_action_history%22%3A[%7B%22extra_data%22%3A%22%22%2C%22mechanism%22%3A%22surface%22%2C%22surface%22%3A%22permalink%22%7D%2C%7B%22extra_data%22%3A%22%22%2C%22mechanism%22%3A%22surface%22%2C%22surface%22%3A%22permalink%22%7D%2C%7B%22extra_data%22%3A%22%22%2C%22mechanism%22%3A%22surface%22%2C%22surface%22%3A%22permalink%22%7D]%2C%22ref_notif_type%22%3Anull%7D,www.facebook.com,https://festivalguidesandreviews.com/florida-festivals/
2027-03-27,2027-03-27,3/27*,Art in the Park,Jacksonville,active,True,,,https://www.facebook.com/Art-In-the-Park-Moore-Haven-1480830795557628/,www.facebook.com,https://festivalguidesandreviews.com/florida-festivals/
2027-03-27,2027-03-27,3/27*,Jupiter Farms Residents Spring Family Music Fest,Jupiter,active,True,,,https://www.facebook.com/JupiterFarmsMusicFestival,www.facebook.com,https://festivalguidesandreviews.com/florida-festivals/
2027-03-27,2027-03-27,3/27*,Largo Evening Market I,Largo,active,True,,,https://www.playlargo.com/special_events_detail_T40_R81.php,www.playlargo.com,https://festivalguidesandreviews.com/florida-festivals/
2027-03-27,2027-03-27,3/27*,Celebration Among the Oaks,Oakland,active,True,,,https://www.oaklandfl.gov/m/newsflash/home/detail/606,www.oaklandfl.gov,https://festivalguidesandreviews.com/florida-festivals/
2027-03-27,2027-03-27,3/27*,Pints n’ Paws Craft Beer Festival,Sanford,active,True,,,https://www.facebook.com/pintsnpaws/,www.facebook.com,https://festivalguidesandreviews.com/florida-festivals/
2027-03-27,2027-03-27,3/27*,Food from the Soul,Tampa,active,True,,,https://foodfromthesoulfestival.com,foodfromthesoulfestival.com,https://festivalguidesandreviews.com/florida-festivals/
2027-03-27,2027-03-27,3/27*,Pride of Tampa Festival,Tampa,active,True,,,https://www.facebook.com/events/3302949639884086,www.facebook.com,https://festivalguidesandreviews.com/florida-festivals/
2027-03-27,2027-03-27,3/27*,Tampa Asian Pacific Islander Cultural Festival,Tampa,active,True,,,https://www.tampa.gov/asianpacificfestival,www.tampa.gov,https://festivalguidesandreviews.com/florida-festivals/
2027-03-27,2027-03-27,3/27*,Tampa Pride,Tampa,active,True,,,https://www.facebook.com/OfficialTampaPride/,www.facebook.com,https://festivalguidesandreviews.com/florida-festivals/
2027-03-27,2027-03-27,3/27*,Uncorked: Tampa Wine Festival,Tampa,active,True,,,https://www.facebook.com/events/1932443150668769,www.facebook.com,https://festivalguidesandreviews.com/florida-festivals/
2027-03-27,2027-03-27,3/27*,ZooBrews,Tampa,active,True,,,https://zootampa.org/zoobrews/,zootampa.org,https://festivalguidesandreviews.com/florida-festivals/
2027-03-27,2027-03-27,3/27*,Suwannee Valley Quilt,Trenton,active,True,,,https://www.facebook.com/SuwanneValleyQuiltFestival/,www.facebook.com,https://festivalguidesandreviews.com/florida-festivals/
2027-03-27,2027-03-27,3/27*,Spring Fling Car Show,White Springs,active,True,,,https://www.suwanneehardware.com/2025-spring-festival,www.suwanneehardware.com,https://festivalguidesandreviews.com/florida-festivals/
2027-03-27,2027-03-27,3/27*,Main Street Zephyrhills Founders Day Music Festival and Fish Fry,Zephyrhills,active,True,,,https://www.facebook.com/events/2030373280847886,www.facebook.com,https://festivalguidesandreviews.com/florida-festivals/
2027-03-27,2027-03-28,3/27-3/28*,Barberville Pioneer Settlement Spring Frolic,Barberville,active,True,,,https://www.pioneersettlement.org/,www.pioneersettlement.org,https://festivalguidesandreviews.com/florida-festivals/
2027-03-27,2027-03-28,3/27-3/28*,Bay Area Renaissance Festival VII,Dade City,active,True,,,https://www.bayarearenfest.com/,www.bayarearenfest.com,https://festivalguidesandreviews.com/florida-festivals/
2027-03-27,2027-03-28,3/27-3/28*,Florida Renaissance Festival and Craft Village VII,Deerfield Beach,active,True,,,http://www.ren-fest.com/,www.ren-fest.com,https://festivalguidesandreviews.com/florida-festivals/
2027-03-27,2027-03-28,3/27-3/28*,DeLand Outdoor Art Festival,DeLand,active,True,,,http://www.delandoutdoorartfest.com/index.htm,www.delandoutdoorartfest.com,https://festivalguidesandreviews.com/florida-festivals/
2027-03-27,2027-03-28,3/27-3/28*,Islamorada Island Fest,Islamorada,active,True,,,https://islamoradachamber.com/island-fest/,islamoradachamber.com,https://festivalguidesandreviews.com/florida-festivals/
2027-03-27,2027-03-28,3/27-3/28*,Palm Beach Pride,Lake Worth,active,True,,,https://compasslgbtq.com/palmbeachpride/,compasslgbtq.com,https://festivalguidesandreviews.com/florida-festivals/
2027-03-27,2027-03-28,3/27-3/28*,Port Saint Lucie Strawberry Fest,Port St. Lucie,active,True,,,https://www.portstluciefest.com,www.portstluciefest.com,https://festivalguidesandreviews.com/florida-festivals/
2027-03-27,2027-03-28,3/27-3/28*,Mainsail Art Festival,St. Petersburg,active,True,,,https://www.mainsailart.org/,www.mainsailart.org,https://festivalguidesandreviews.com/florida-festivals/
2027-03-27,2027-03-28,3/27-3/28*,Bradford County Strawberry Festival,Starke,active,True,,,http://www.bradfordcountystrawberryfestival.com/,www.bradfordcountystrawberryfestival.com,https://festivalguidesandreviews.com/florida-festivals/
2027-03-27,2027-03-28,3/27-3/28*,HorsePower for Kids Spring Fest I,Tampa,active,True,,,https://www.horsepowerforkids.com/upcoming-events,www.horsepowerforkids.com,https://festivalguidesandreviews.com/florida-festivals/
2027-03-28,2027-03-28,3/28*,St. Ambrose Spring Fair,Elkton,active,True,,,https://www.floridashistoriccoast.com/events/st-ambrose-spring-fair/,www.floridashistoriccoast.com,https://festivalguidesandreviews.com/florida-festivals/
2027-03-28,2027-03-28,3/28*,FORD International Cuban Sandwich Festival: Tampa,Tampa,active,True,,,https://www.cubansandwichfestival.com/2026-cuban-sandwich-festival.html,www.cubansandwichfestival.com,https://festivalguidesandreviews.com/florida-festivals/
2027-03-29,2027-04-04,3/29-4/4*,Pier 60 Sugar Sand Festival II,Clearwater,active,True,,,https://www.sugarsandfestival.com/,www.sugarsandfestival.com,https://festivalguidesandreviews.com/florida-festivals/
2027-04-02,2027-04-03,4/2-4/3*,UNwineD,Panama City Beach,active,True,,,https://www.visitpanamacitybeach.com/unwined/,www.visitpanamacitybeach.com,https://festivalguidesandreviews.com/florida-festivals/
2027-04-03,2027-04-03,4/3*,Bunnell Italian Festival,Bunnell,active,True,,,https://flcfv.org/italian-festival,flcfv.org,https://festivalguidesandreviews.com/florida-festivals/
2027-04-03,2027-04-03,4/3*,St. Johns Catfish Festival,Crescent City,active,True,,,https://stjohnscatfishfest.com/,stjohnscatfishfest.com,https://festivalguidesandreviews.com/florida-festivals/
2027-04-03,2027-04-03,4/3*,Water Lantern Festival: Tampa Bay Area,Hudson,active,True,,,https://www.waterlanternfestival.com/events/tampa,www.waterlanternfestival.com,https://festivalguidesandreviews.com/florida-festivals/
2027-04-03,2027-04-03,4/3*,Afro Roots Fest: Islamorada,Islamorada,active,True,,,https://www.facebook.com/afrorootsfest,www.facebook.com,https://festivalguidesandreviews.com/florida-festivals/
2027-04-03,2027-04-03,4/3*,Muse Honey Festival,LaBelle,active,True,,,https://www.facebook.com/MCAGlades,www.facebook.com,https://festivalguidesandreviews.com/florida-festivals/
2027-04-03,2027-04-03,4/3*,Brick City Beer and Wine Festival,Ocala,active,True,,,https://www.brickcitybeerandwinefest.com,www.brickcitybeerandwinefest.com,https://festivalguidesandreviews.com/florida-festivals/
2027-04-03,2027-04-03,4/3*,HorsePower for Kids Spring Fest II,Tampa,active,True,,,https://www.horsepowerforkids.com/upcoming-events,www.horsepowerforkids.com,https://festivalguidesandreviews.com/florida-festivals/
2027-04-03,2027-04-03,4/3*,Williston Spring Fest,Williston,active,True,,,https://www.facebook.com/events/879032131253537,www.facebook.com,https://festivalguidesandreviews.com/florida-festivals/
2027-04-03,2027-04-04,4/3-4/4*,Mandarin Art Festival,Jacksonville,active,True,,,http://www.mandarinartfestival.org/,www.mandarinartfestival.org,https://festivalguidesandreviews.com/florida-festivals/
2027-04-03,2027-04-04,4/3-4/4*,Fiesta in the Park,Orlando,active,True,,,https://www.fiestainthepark.com/,www.fiestainthepark.com,https://festivalguidesandreviews.com/florida-festivals/
2027-04-03,2027-04-04,4/3-4/4*,Keel Farms Tampa Bay Blueberry Festival I,Plant City,active,True,,,https://www.keelfarms.com/festivals,www.keelfarms.com,https://festivalguidesandreviews.com/florida-festivals/
2027-04-03,2027-04-04,4/3-4/4*,Arts and Crafts Festival at Brownwood Paddock Square: Spring,The Villages,active,True,,,https://www.thevillagesentertainment.com/festivals-and-special-events/brownwood-arts-crafts-festival/,www.thevillagesentertainment.com,https://festivalguidesandreviews.com/florida-festivals/
2027-04-04,2027-04-04,4/4*,East Coast Dog Surfing Festival,Cocoa Beach,active,True,,,https://brevardhumanesociety.org/event/east-coast-dog-surfing-festival/?mc_id=137,brevardhumanesociety.org,https://festivalguidesandreviews.com/florida-festivals/
2027-04-05,2027-04-11,4/5-4/11*,Pier 60 Sugar Sand Festival III,Clearwater,active,True,,,,,https://festivalguidesandreviews.com/florida-festivals/
2027-04-08,2027-04-10,4/8-4/10*,Ferdinanda Beach Songwriters Festival,Amelia Island,active,True,,,https://www.fernandinasongwriterfestival.com,www.fernandinasongwriterfestival.com,https://festivalguidesandreviews.com/florida-festivals/
2027-04-09,2027-04-10,4/9-4/10*,Tampa Bay Rodeo and Family Festival,Dover,active,True,,,https://tamparodeo.com/,tamparodeo.com,https://festivalguidesandreviews.com/florida-festivals/
2027-04-09,2027-04-11,4/9-4/11*,Fox Fam Jam,Brooksville,active,True,,,https://www.foxfamjam.com/,www.foxfamjam.com,https://festivalguidesandreviews.com/florida-festivals/
2027-04-09,2027-04-11,4/9-4/11*,Delray Affair,Delray Beach,active,True,,,http://delrayaffair.com/,delrayaffair.com,https://festivalguidesandreviews.com/florida-festivals/
2027-04-09,2027-04-11,4/9-4/11*,Tortuga Music Festival,Fort Lauderdale,active,True,,,https://www.tortugamusicfestival.com/,www.tortugamusicfestival.com,https://festivalguidesandreviews.com/florida-festivals/
2027-04-09,2027-04-11,4/9-4/11*,Springing the Blues,Jacksonville Beach,active,True,,,https://www.facebook.com/springingtheblues/,www.facebook.com,https://festivalguidesandreviews.com/florida-festivals/
2027-04-09,2027-04-11,4/9-4/11*,Oldsmar Days and Nights,Oldsmar,active,True,,,https://business.utbchamber.com/community-calendar/Details/oldsmar-days-nights-1458442?sourceTypeId=Hub,business.utbchamber.com,https://festivalguidesandreviews.com/florida-festivals/
2027-04-09,2027-04-11,4/9-4/11*,Gamble Rogers Music Festival,St. Augustine,active,True,,,https://www.facebook.com/gamblerogersfest,www.facebook.com,https://festivalguidesandreviews.com/florida-festivals/
2027-04-09,2027-04-11,4/9-4/11*,Gasparilla Music Festival,Tampa,active,True,,,https://gasparillamusic.com/,gasparillamusic.com,https://festivalguidesandreviews.com/florida-festivals/
2027-04-09,2027-04-11,4/9-4/11*,PhilFest,Tampa,active,True,,,https://www.facebook.com/pcfitampa,www.facebook.com,https://festivalguidesandreviews.com/florida-festivals/
2027-04-09,2027-04-11,4/9-4/11*,Tampa Bay Blues Festival,Tampa,active,True,,,http://www.tampabaybluesfest.com/,www.tampabaybluesfest.com,https://festivalguidesandreviews.com/florida-festivals/
2027-04-09,2027-04-11,4/9-4/11*,Vintage Market Days of Metro Tampa: Bloom,Tampa,active,True,,,https://vintagemarketdays.com/market/metro-tampa/,vintagemarketdays.com,https://festivalguidesandreviews.com/florida-festivals/
2027-04-10,2027-04-10,4/10*,American Legion Catfish Festival,Branford,active,True,,,https://www.alcff.com/,www.alcff.com,https://festivalguidesandreviews.com/florida-festivals/
2027-04-10,2027-04-10,4/10*,Bunnell History Day,Bunnell,active,True,,,https://flaglercountyhistoricalsociety.com/,flaglercountyhistoricalsociety.com,https://festivalguidesandreviews.com/florida-festivals/
2027-04-10,2027-04-10,4/10*,Davie Jazz Festival,Davie,active,True,,,https://www.davie-fl.gov/1777/Davie-Jazz-Festival,www.davie-fl.gov,https://festivalguidesandreviews.com/florida-festivals/
2027-04-10,2027-04-10,4/10*,Chautauqua Winery’s Spring Fling,DeFuniak Springs,active,True,,,https://chautauquawinery.com/spring-fling-2026,chautauquawinery.com,https://festivalguidesandreviews.com/florida-festivals/
2027-04-10,2027-04-10,4/10*,Dunedin Highland Games and Festival,Dunedin,active,True,,,https://www.facebook.com/DunedinHighlandGames,www.facebook.com,https://festivalguidesandreviews.com/florida-festivals/
2027-04-10,2027-04-10,4/10*,Dunnellon Boomtown Days Festival,Dunnellon,active,True,,,https://dunnellonchamber.com/event/2026-dunnellon-boomtown-days-festival/,dunnellonchamber.com,https://festivalguidesandreviews.com/florida-festivals/
2027-04-10,2027-04-10,4/10*,Santa Fe Springs Celebration,High Springs,active,True,,,https://www.facebook.com/events/776371278634967/,www.facebook.com,https://festivalguidesandreviews.com/florida-festivals/
2027-04-10,2027-04-10,4/10*,Marion County Farmland Preservation Festival,Micanopy,active,True,,,https://www.facebook.com/FarmlandFestival.org,www.facebook.com,https://festivalguidesandreviews.com/florida-festivals/
2027-04-10,2027-04-10,4/10*,Newberry Main Street Spring Festival,Newberry,active,True,,,https://www.facebook.com/events/679306201548864/,www.facebook.com,https://festivalguidesandreviews.com/florida-festivals/
2027-04-10,2027-04-10,4/10*,Absolutely Avalon,Orlando,active,True,,,https://www.avalonparkorlando.com/play/community-festivals/absolutely-avalon/,www.avalonparkorlando.com,https://festivalguidesandreviews.com/florida-festivals/
2027-04-10,2027-04-10,4/10*,Love Your Mother Earth Day Festival,Sanford,active,True,,,https://www.facebook.com/events/1474246414268848/,www.facebook.com,https://festivalguidesandreviews.com/florida-festivals/
2027-04-10,2027-04-10,4/10*,Worm Gruntin’ Festival,Sopchoppy,active,True,,,http://www.wormgruntinfestival.com/,www.wormgruntinfestival.com,https://festivalguidesandreviews.com/florida-festivals/
2027-04-10,2027-04-10,4/10*,The Fuzzy Pineapple Fairy Festival,Tallahassee,active,True,,,https://www.facebook.com/events/1558015485203166/,www.facebook.com,https://festivalguidesandreviews.com/florida-festivals/
2027-04-10,2027-04-10,4/10*,Kidsfest,Tallahassee,active,True,,,https://kidsincorporated.org/events/,kidsincorporated.org,https://festivalguidesandreviews.com/florida-festivals/
2027-04-10,2027-04-10,4/10*,Treasure Coast Craft Spirits Festival,Vero Beach,active,True,,,https://treasurecoastspiritsfestival.com/,treasurecoastspiritsfestival.com,https://festivalguidesandreviews.com/florida-festivals/
2027-04-10,2027-04-11,4/10-4/11*,Old Florida Celebration of the Arts,Cedar Key,active,True,,,https://www.cedarkeyartsfestival.com/,www.cedarkeyartsfestival.com,https://festivalguidesandreviews.com/florida-festivals/
2027-04-10,2027-04-11,4/10-4/11*,Fort Myers Fine Art Show,Fort Myers,active,True,,,https://hotworks.org/events-hot-works/,hotworks.org,https://festivalguidesandreviews.com/florida-festivals/
2027-04-10,2027-04-11,4/10-4/11*,Fort Pierce Oyster and Sea Fest,Fort Pierce,active,True,,,https://www.pottcevents.com/fort-pierce-oyster-and-sea-fest.html,www.pottcevents.com,https://festivalguidesandreviews.com/florida-festivals/
2027-04-10,2027-04-11,4/10-4/11*,Santa Fe College Spring Arts Festival,Gainesville,active,True,,,https://www.sfcollege.edu/spring-arts/,www.sfcollege.edu,https://festivalguidesandreviews.com/florida-festivals/
2027-04-10,2027-04-11,4/10-4/11*,Cajun Crawfish and Music Festival,Jupiter,active,True,,,https://www.facebook.com/cajuncrawfishandmusicfestival,www.facebook.com,https://festivalguidesandreviews.com/florida-festivals/
2027-04-10,2027-04-11,4/10-4/11*,Blueberry Fest at Wickham Park,Melbourne,active,True,,,https://www.melbourne-fest.com/Blueberry-Fest-Home.php,www.melbourne-fest.com,https://festivalguidesandreviews.com/florida-festivals/
2027-04-10,2027-04-11,4/10-4/11*,Miami Beach Pride Festival,Miami Beach,active,True,,,https://miamibeachpride.com/,miamibeachpride.com,https://festivalguidesandreviews.com/florida-festivals/
2027-04-10,2027-04-11,4/10-4/11*,Florida Groves Music Festival,Orlando,active,True,,,https://floridagroves.com/,floridagroves.com,https://festivalguidesandreviews.com/florida-festivals/
2027-04-10,2027-04-11,4/10-4/11*,Keel Farms Tampa Bay Blueberry Festival II,Plant City,active,True,,,https://www.keelfarms.com/festivals,www.keelfarms.com,https://festivalguidesandreviews.com/florida-festivals/
2027-04-10,2027-04-11,4/10-4/11*,Sebring Soda Fest,Sebring,active,True,,,https://www.sebringsodafest.com/,www.sebringsodafest.com,https://festivalguidesandreviews.com/florida-festivals/
2027-04-10,2027-04-11,4/10-4/11*,Tallahassee Jazz and Blues Festival,Tallahassee,active,True,,,https://www.facebook.com/events/889143177243847/,www.facebook.com,https://festivalguidesandreviews.com/florida-festivals/
2027-04-10,2027-04-11,4/10-4/11*,Venice Sharks Tooth Festival,Venice,active,True,,,https://www.visitvenicefl.org/event/venice-sharks-tooth-festival-2026/,www.visitvenicefl.org,https://festivalguidesandreviews.com/florida-festivals/
2027-04-11,2027-04-11,4/11*,Jewish Heritage Festival,Ormond Beach,active,True,,,https://jewishheritagefestival.com/welcome/,jewishheritagefestival.com,https://festivalguidesandreviews.com/florida-festivals/
2027-04-11,2027-04-11,4/11*,Sanford Food Truck Fiesta IV,Sanford,active,True,,,https://sanfordfl.gov/event-calendar/,sanfordfl.gov,https://festivalguidesandreviews.com/florida-festivals/
2027-04-11,2027-04-11,4/11*,Taste of St. Augustine,St. Augustine,active,True,,,https://www.epicbh.org/taste-of-st-augustine/,www.epicbh.org,https://festivalguidesandreviews.com/florida-festivals/
2027-04-12,2027-04-18,4/12-4/18*,Bern’s Winefest,Tampa,active,True,,,https://bernswinefest.com/,bernswinefest.com,https://festivalguidesandreviews.com/florida-festivals/
2027-04-14,2027-04-18,4/14-4/18*,Sacred Heart Spring Festival,Pinellas Park,active,True,,,https://www.sacredheartfestival.com/,www.sacredheartfestival.com,https://festivalguidesandreviews.com/florida-festivals/
2027-04-15,2027-04-15,4/15*,New Smyrna Beach Food Festival,New Smyrna Beach,active,True,,,https://flaglerave.com/event/new-smyrna-beach-food-festival-3/,flaglerave.com,https://festivalguidesandreviews.com/florida-festivals/
2027-04-15,2027-04-17,4/15-4/17*,Resonate Suwannee,Live Oak,active,True,,,https://www.facebook.com/Resonatesuwannee,www.facebook.com,https://festivalguidesandreviews.com/florida-festivals/
2027-04-15,2027-04-18,4/15-4/18*,Sandestin Wine Festival,Miramar Beach,active,True,,,http://www.sandestinwinefestival.com/,www.sandestinwinefestival.com,https://festivalguidesandreviews.com/florida-festivals/
2027-04-16,2027-04-16,4/16*,Taste of Oakland Park,Oakland Park,active,True,,,https://www.oaklandparkfl.gov/535/Taste-of-Oakland-Park,www.oaklandparkfl.gov,https://festivalguidesandreviews.com/florida-festivals/
2027-04-16,2027-04-17,4/16-4/17*,Breakaway Festival,Tampa,active,True,,,https://www.breakawayfestival.com,www.breakawayfestival.com,https://festivalguidesandreviews.com/florida-festivals/
2027-04-16,2027-04-18,4/16-4/18*,Rock and Roll Revival,Brooksville,active,True,,,https://rocknrollrevival.org/,rocknrollrevival.org,https://festivalguidesandreviews.com/florida-festivals/
2027-04-16,2027-04-18,4/16-4/18*,Grant BBQ Fest,Grant-Valkaria,active,True,,,https://grantbbqfestival.com/,grantbbqfestival.com,https://festivalguidesandreviews.com/florida-festivals/
2027-04-16,2027-04-18,4/16-4/18*,Punta Gorda Seafood and Music Festival,Punta Gorda,active,True,,,https://www.paragonfestivals.com/festival/punta-gorda-seafood-music-festival/,www.paragonfestivals.com,https://festivalguidesandreviews.com/florida-festivals/
2027-04-17,2027-04-17,4/17*,Black Gold Jubilee,Belle Glade,active,True,,,https://blackgoldjubilee.org/,blackgoldjubilee.org,https://festivalguidesandreviews.com/florida-festivals/
2027-04-17,2027-04-17,4/17*,Sea Turtle Festival,Fernandina Beach,active,True,,,https://www.facebook.com/events/32-n-fletcher-ave-fernandina-beach-fl-32034-2107-united-states/3rd-annual-sea-turtle-festival-2026/2927627960765098/,www.facebook.com,https://festivalguidesandreviews.com/florida-festivals/
2027-04-17,2027-04-17,4/17*,Land O’ Lakes Seafood Festival,Land O’Lakes,active,True,,,https://floridapenguinproductions.com/upcoming-events-list,floridapenguinproductions.com,https://festivalguidesandreviews.com/florida-festivals/
2027-04-17,2027-04-17,4/17*,Down Home Days Festival,Madison,active,True,,,https://www.madisondownhomedays.com/,www.madisondownhomedays.com,https://festivalguidesandreviews.com/florida-festivals/
2027-04-17,2027-04-17,4/17*,Middleburg Spring Festival,Middleburg,active,True,,,https://exploreclay.com/event/2026-annual-middleburg-spring-festival/,exploreclay.com,https://festivalguidesandreviews.com/florida-festivals/
2027-04-17,2027-04-17,4/17*,Naples Pride Fest,Naples,active,True,,,https://www.naplespride.org/pridefest-2026,www.naplespride.org,https://festivalguidesandreviews.com/florida-festivals/
2027-04-17,2027-04-17,4/17*,Earth Day Pensacola Festival,Pensacola,active,True,,,https://earthdaypensacola.com/,earthdaypensacola.com,https://festivalguidesandreviews.com/florida-festivals/
2027-04-17,2027-04-17,4/17*,Spring Break Reggae Fest,Ormond Beach,active,True,,,https://www.facebook.com/profile.php?id=100090429250543,www.facebook.com,https://festivalguidesandreviews.com/florida-festivals/
2027-04-17,2027-04-17,4/17*,Sarasota International Dragon Boat Festival,Sarasota,active,True,,,https://gwndragonboat.com/festivals/sarasota-international-dragon-boat-festival/,gwndragonboat.com,https://festivalguidesandreviews.com/florida-festivals/
2027-04-17,2027-04-17,4/17*,St. George Island Brewfest,St. George Island,active,True,,,http://www.sgibrewfest.com/,www.sgibrewfest.com,https://festivalguidesandreviews.com/florida-festivals/
2027-04-17,2027-04-17,4/17*,Blues and BBQ,Tampa,active,True,,,https://www.facebook.com/events/1259322225607232/,www.facebook.com,https://festivalguidesandreviews.com/florida-festivals/
2027-04-17,2027-04-17,4/17*,863 Art Fest,Winter Haven,active,True,,,http://www.centralfloridaeventvendors.com/863-local-art-fest/,www.centralfloridaeventvendors.com,https://festivalguidesandreviews.com/florida-festivals/
2027-04-17,2027-04-18,4/17-4/18*,Clermont Arts and Jazz Festival,Clermont,active,True,,,https://www.clermontfl.gov/254/Events,www.clermontfl.gov,https://festivalguidesandreviews.com/florida-festivals/
2027-04-17,2027-04-18,4/17-4/18*,Savor SoFlo Festival,Hollywood,active,True,,,https://savorsoflo.com/,savorsoflo.com,https://festivalguidesandreviews.com/florida-festivals/
2027-04-17,2027-04-18,4/17-4/18*,Ormond Beach Celtic Festival,Ormond Beach,active,True,,,https://www.facebook.com/OrmondBeachCelticFestival/,www.facebook.com,https://festivalguidesandreviews.com/florida-festivals/
2027-04-17,2027-04-18,4/17-4/18*,Keel Farms Tampa Bay Blueberry Festival III,Plant City,active,True,,,https://www.keelfarms.com/festivals,www.keelfarms.com,https://festivalguidesandreviews.com/florida-festivals/
2027-04-17,2027-04-18,4/17-4/18*,Songkran the Water Festival: Lao New Year Festival,Sanford,active,True,,,https://www.facebook.com/events/1213707000726883/?acontext=%7B%22event_action_history%22%3A[%7B%22surface%22%3A%22external_search_engine%22%7D%2C%7B%22mechanism%22%3A%22attachment%22%2C%22surface%22%3A%22newsfeed%22%7D]%2C%22ref_notif_type%22%3Anull%7D,www.facebook.com,https://festivalguidesandreviews.com/florida-festivals/
2027-04-17,2027-04-18,4/17-4/18*,Chain of Parks Art Festival,Tallahassee,active,True,,,https://chainofparks.org/,chainofparks.org,https://festivalguidesandreviews.com/florida-festivals/
2027-04-17,2027-04-18,4/17-4/18*,Tampa Bay Caribbean Festival,Tampa,active,True,,,https://www.tampabaycaribbeancarnival.com/,www.tampabaycaribbeancarnival.com,https://festivalguidesandreviews.com/florida-festivals/
2027-04-17,2027-04-18,4/17-4/18*,Tampa Bay Empanada Festival,Tampa,active,True,,,https://www.facebook.com/events/882091461007887/,www.facebook.com,https://festivalguidesandreviews.com/florida-festivals/
2027-04-18,2027-04-18,4/18*,Jax Veg Fest,Jacksonville,active,True,,,https://www.facebook.com/jaxvegfest/,www.facebook.com,https://festivalguidesandreviews.com/florida-festivals/
2027-04-21,2027-04-25,4/21-4/25*,Seabreeze Jazz Festival,Panama City Beach,active,True,,,https://seabreezejazzfestival.com/,seabreezejazzfestival.com,https://festivalguidesandreviews.com/florida-festivals/
2027-04-22,2027-04-25,4/22-4/25*,Florida Keys Lionfish Derby and Festival,Islamorada,active,True,,,https://www.reef.org/derby,www.reef.org,https://festivalguidesandreviews.com/florida-festivals/
2027-04-22,2027-04-25,4/22-4/25*,Hernando De Soto Historical Society Heritage Festival,Bradenton,active,True,,,https://desotohq.com/festival-hosting-information/,desotohq.com,https://festivalguidesandreviews.com/florida-festivals/
2027-04-22,2027-04-25,4/22-4/25*,South Walton Beaches Wine and Food Festival,Miramar Beach,active,True,,,https://sowalwine.com/,sowalwine.com,https://festivalguidesandreviews.com/florida-festivals/
2027-04-23,2027-04-23,4/23*,Las Olas Wine and Food Festival,Fort Lauderdale,active,True,,,https://lasolaswff.com/,lasolaswff.com,https://festivalguidesandreviews.com/florida-festivals/
2027-04-23,2027-04-24,4/23-4/24*,Gone Country at the Ranch,Brooksville,active,True,,,https://ranchgonecountry.com/,ranchgonecountry.com,https://festivalguidesandreviews.com/florida-festivals/
2027-04-23,2027-04-24,4/23-4/24*,Southern Grand Slam Music Festival,Port Charlotte,active,True,,,https://www.facebook.com/events/3277040105928599/,www.facebook.com,https://festivalguidesandreviews.com/florida-festivals/
2027-04-23,2027-04-25,4/23-4/25*,Leesburg Bikefest/Gator Bike Rally,Leesburg,active,True,,,https://leesburgbikefest.com/,leesburgbikefest.com,https://festivalguidesandreviews.com/florida-festivals/
2027-04-23,2027-04-25,4/23-4/25,Moon Crush Music Festival,Miramar Beach,active,False,,,https://www.instagram.com/mooncrushlive,www.instagram.com,https://festivalguidesandreviews.com/florida-festivals/
2027-04-23,2027-04-25,4/23-4/25*,Ocala/Belleview Greek Festival at St. Mark’s,Ocala/Belleview,active,True,,,https://www.facebook.com/profile.php?id=100064506831778,www.facebook.com,https://festivalguidesandreviews.com/florida-festivals/
2027-04-23,2027-04-25,4/23-4/25*,Pensacola Crawfish Festival,Pensacola,active,True,,,https://www.fiestapensacola.org/crawfish-festival,www.fiestapensacola.org,https://festivalguidesandreviews.com/florida-festivals/
2027-04-23,2027-04-25,4/23-4/25*,Flora-Bama Interstate Mullet Toss,"Perdido Key/Gulf Coast, AL",active,True,,,http://www.florabama.com/mullet-toss,www.florabama.com,https://festivalguidesandreviews.com/florida-festivals/
2027-04-23,2027-04-25,4/23-4/25*,Word of South Festival,Tallahassee,active,True,,,https://wordofsouthfestival.com/,wordofsouthfestival.com,https://festivalguidesandreviews.com/florida-festivals/
2027-04-24,2027-04-24,4/24*,North Florida Wildflower Festival,Blountstown,active,True,,,https://www.facebook.com/NFLWildflowerFest/,www.facebook.com,https://festivalguidesandreviews.com/florida-festivals/
2027-04-24,2027-04-24,4/24*,Bostwick Blueberry Festival,Bostwick,active,True,,,https://www.bostwickblueberryfestival.net/,www.bostwickblueberryfestival.net,https://festivalguidesandreviews.com/florida-festivals/
2027-04-24,2027-04-24,4/24*,Carrabelle Riverfront Festival,Carrabelle,active,True,,,https://www.carrabelle.org/business/carrabelle-riverfront-festival,www.carrabelle.org,https://festivalguidesandreviews.com/florida-festivals/
2027-04-24,2027-04-24,4/24*,Daytona Crab and Seafood Festival,Daytona Beach,active,True,,,https://www.facebook.com/CrabAndSeafoodFestivalVolusia,www.facebook.com,https://festivalguidesandreviews.com/florida-festivals/
2027-04-24,2027-04-24,4/24*,Beltane in the Park,Fort Pierce,active,True,,,https://pslwitchesandpagans.org/beltane-in-the-park-2025,pslwitchesandpagans.org,https://festivalguidesandreviews.com/florida-festivals/
2027-04-24,2027-04-24,4/24,Howey Artisan Market at Mission Resort and Club IV,Howey in the Hills,active,False,,,https://www.facebook.com/events/1618016786356990/1618017989690203/?acontext=%7B%22event_action_history%22%3A[%7B%22extra_data%22%3A%22%22%2C%22mechanism%22%3A%22surface%22%2C%22surface%22%3A%22permalink%22%7D%2C%7B%22extra_data%22%3A%22%22%2C%22mechanism%22%3A%22surface%22%2C%22surface%22%3A%22permalink%22%7D%2C%7B%22extra_data%22%3A%22%22%2C%22mechanism%22%3A%22surface%22%2C%22surface%22%3A%22permalink%22%7D]%2C%22ref_notif_type%22%3Anull%7D,www.facebook.com,https://festivalguidesandreviews.com/florida-festivals/
2027-04-24,2027-04-24,4/24*,Largo Evening Market II,Largo,active,True,,,https://www.playlargo.com/special_events_detail_T40_R81.php,www.playlargo.com,https://festivalguidesandreviews.com/florida-festivals/
2027-04-24,2027-04-24,4/24*,MHS Beats and Eats Jazz Festival,Milton,active,True,,,https://www.miltonfl.org/Calendar.aspx?EID=9780&month=4&year=2026&day=7&calType=0,www.miltonfl.org,https://festivalguidesandreviews.com/florida-festivals/
2027-04-24,2027-04-24,4/24*,New Port Richey Greek Festival,New Port Richey,active,True,,,https://www.eventbrite.com/e/greek-festival-tickets-1983620484266?aff=erelexpmlt,www.eventbrite.com,https://festivalguidesandreviews.com/florida-festivals/
2027-04-24,2027-04-24,4/24*,Central Florida Earth Day,Orlando,active,True,,,http://www.cfearthday.org/,www.cfearthday.org,https://festivalguidesandreviews.com/florida-festivals/
2027-04-24,2027-04-24,4/24*,Florida Puerto Rican Parade and Festival,Orlando,active,True,,,https://floridapuertoricanparade.org/,floridapuertoricanparade.org,https://festivalguidesandreviews.com/florida-festivals/
2027-04-24,2027-04-24,4/24*,Orlando Boozy Crawfish Festival,Orlando,active,True,,,https://www.eventbrite.com/e/orlando-boozy-crawfish-festival-tickets-1976652493819,www.eventbrite.com,https://festivalguidesandreviews.com/florida-festivals/
2027-04-24,2027-04-24,4/24*,Orlando Pickle Festival,Orlando,active,True,,,https://www.eventbrite.com/e/orlando-pickle-fest-2026-tickets-1980123971101,www.eventbrite.com,https://festivalguidesandreviews.com/florida-festivals/
2027-04-24,2027-04-24,4/24*,Roscolusa Songwriters Festival,Ponte Vedra Beach,active,True,,,https://www.roscolusa.com/,www.roscolusa.com,https://festivalguidesandreviews.com/florida-festivals/
2027-04-24,2027-04-24,4/24*,EcoFest Earth Day Tampa Bay,Tampa,active,True,,,https://learninggate.org/ecofest,learninggate.org,https://festivalguidesandreviews.com/florida-festivals/
2027-04-24,2027-04-24,4/24*,Tarpon Springs Book Festival,Tarpon Springs,active,True,,,https://tarponspringsmerchantassociation.com/tarpon-springs-events-calendar/tarpon-springs-book-festival/,tarponspringsmerchantassociation.com,https://festivalguidesandreviews.com/florida-festivals/
2027-04-24,2027-04-24,4/24*,Historic White Springs Antique and Collectibles Festival,White Springs,active,True,,,https://www.facebook.com/profile.php?id=61585984472858,www.facebook.com,https://festivalguidesandreviews.com/florida-festivals/
2027-04-24,2027-04-24,4/24*,Rotary Watermelon Festival,Zolfo Springs,active,True,,,https://www.facebook.com/events/1411989446993136,www.facebook.com,https://festivalguidesandreviews.com/florida-festivals/
2027-04-24,2027-04-25,4/24-4/25*,Apopka Art and Foliage Festival,Apopka,active,True,,,https://www.apopkaartandfoliagefestival.org/,www.apopkaartandfoliagefestival.org,https://festivalguidesandreviews.com/florida-festivals/
2027-04-24,2027-04-25,4/24-4/25*,Brooksville Blueberry Festival,Brooksville,active,True,,,https://brooksvilleblueberryfestival.com/,brooksvilleblueberryfestival.com,https://festivalguidesandreviews.com/florida-festivals/
2027-04-24,2027-04-25,4/24-4/25*,"Cabbage, Potato and Bacon Festival",Hastings,active,True,,,https://www.visitstaugustine.com/event/cabbage-potato-and-bacon-festival,www.visitstaugustine.com,https://festivalguidesandreviews.com/florida-festivals/
2027-04-24,2027-04-25,4/24-4/25*,High Springs Pioneer Days Festival,High Springs,active,True,,,https://highsprings.com/pioneer-days-2026/,highsprings.com,https://festivalguidesandreviews.com/florida-festivals/
2027-04-24,2027-04-25,4/24-4/25*,Melbourne Art Festival,Melbourne,active,True,,,http://www.melbournearts.org/,www.melbournearts.org,https://festivalguidesandreviews.com/florida-festivals/
2027-04-24,2027-04-25,4/24-4/25*,Mount Dora Blueberry Festival,Mount Dora,active,True,,,https://www.mountdorablueberryfestival.com/,www.mountdorablueberryfestival.com,https://festivalguidesandreviews.com/florida-festivals/
2027-04-24,2027-04-25,4/24-4/25*,Forbidden Kingdom Festival,Orlando,active,True,,,https://www.forbiddenkingdomfestival.com/,www.forbiddenkingdomfestival.com,https://festivalguidesandreviews.com/florida-festivals/
2027-04-24,2027-04-25,4/24-4/25*,Keel Farms Tampa Bay Blueberry Festival IV,Plant City,active,True,,,https://www.keelfarms.com/festivals,www.keelfarms.com,https://festivalguidesandreviews.com/florida-festivals/
2027-04-24,2027-04-25,4/24-4/25*,St. Johns River Festival of the Arts,Sanford,active,True,,,https://stjohnsriverartfest.com/,stjohnsriverartfest.com,https://festivalguidesandreviews.com/florida-festivals/
2027-04-24,2027-04-25,4/24-4/25*,Tampa Bay Black Heritage Music Festival,Tampa,active,True,,,https://tampablackheritage.org/musicfest2026/,tampablackheritage.org,https://festivalguidesandreviews.com/florida-festivals/
2027-04-25,2027-04-25,4/25*,Sweet Corn Fiesta,West Palm Beach,active,True,,,https://www.facebook.com/SweetCornFiesta,www.facebook.com,https://festivalguidesandreviews.com/florida-festivals/
2027-04-28,2027-05-02,4/28-5/2*,Key West Songwriters Festival,Key West,active,True,,,https://keywestsongwritersfestival.com/,keywestsongwritersfestival.com,https://festivalguidesandreviews.com/florida-festivals/
2027-04-28,2027-05-02,4/28-5/2*,Thunder Beach Spring Rally,Panama City Beach,active,True,,,https://www.thunderbeachproductions.com,www.thunderbeachproductions.com,https://festivalguidesandreviews.com/florida-festivals/
2027-04-30,2027-05-01,4/30-5/1*,Tampa Riverfest,Tampa,active,True,,,https://thetampariverwalk.com/events/riverfest.html,thetampariverwalk.com,https://festivalguidesandreviews.com/florida-festivals/
2027-04-30,2027-05-02,4/30-5/2*,C-Key Tiki Fest,Cedar Key,active,True,,,https://ckeytiki.com/,ckeytiki.com,https://festivalguidesandreviews.com/florida-festivals/
2027-04-30,2027-05-02,4/30-5/2*,Isle of Eight Flags Shrimp Festival,Fernandina Beach,active,True,,,https://www.shrimpfestival.com/,www.shrimpfestival.com,https://festivalguidesandreviews.com/florida-festivals/
2027-04-30,2027-05-02,4/30-5/2*,Hibiscus Festival,Punta Gorda,active,True,,,https://thehibiscusfestival.com/,thehibiscusfestival.com,https://festivalguidesandreviews.com/florida-festivals/
2027-04-30,2027-05-03,4/30-5/3*,Lotus Gathering,Umatilla,active,True,,,https://www.lotusgathering.com/,www.lotusgathering.com,https://festivalguidesandreviews.com/florida-festivals/
2027-05-01,2027-05-01,5/1*,Belleview Founder’s Day Celebration,Belleview,active,True,,,https://www.belleviewfl.org/172/Local-Events,www.belleviewfl.org,https://festivalguidesandreviews.com/florida-festivals/
2027-05-01,2027-05-01,5/1*,Ocean Brews and Blues Beer Fest,Deerfield Beach,active,True,,,https://www.deerfield-beach.com/1601/Ocean-Brews-Blues,www.deerfield-beach.com,https://festivalguidesandreviews.com/florida-festivals/
2027-05-01,2027-05-01,5/1*,SWFL Mexican Food Showdown,Fort Myers,active,True,,,https://www.facebook.com/events/851919754117755/,www.facebook.com,https://festivalguidesandreviews.com/florida-festivals/
2027-05-01,2027-05-01,5/1*,Island Grove Blueberry Festival,Island Grove,active,True,,,https://www.facebook.com/IGBlueberryFest,www.facebook.com,https://festivalguidesandreviews.com/florida-festivals/
2027-05-01,2027-05-01,5/1*,Wildflower Festival and Plant Sale,Live Oak,active,True,,,https://www.facebook.com/SuwanneeFestivals,www.facebook.com,https://festivalguidesandreviews.com/florida-festivals/
2027-05-01,2027-05-01,5/1*,Longwood Luau,Longwood,active,True,,,https://www.facebook.com/events/1362705195656573,www.facebook.com,https://festivalguidesandreviews.com/florida-festivals/
2027-05-01,2027-05-01,5/1*,Mount Dora Taste and Craft Beer Fest,Mount Dora,active,True,,,https://www.mountdora.com/mountdoramajoreventsandfestivals,www.mountdora.com,https://festivalguidesandreviews.com/florida-festivals/
2027-05-01,2027-05-01,5/1*,Punk in the Park: Orlando,Orlando,active,True,,,https://www.punkinthepark.com/,www.punkinthepark.com,https://festivalguidesandreviews.com/florida-festivals/
2027-05-01,2027-05-01,5/1*,Hero Fest,Palm Harbor,active,True,,,https://herofestfl.com/,herofestfl.com,https://festivalguidesandreviews.com/florida-festivals/
2027-05-01,2027-05-01,5/1*,Manatee Taco Fest,Palmetto,active,True,,,https://www.eventbrite.com/e/manatees-5th-annual-taco-fest-tickets-1799625150269?aff=ebdsoporgprofile,www.eventbrite.com,https://festivalguidesandreviews.com/florida-festivals/
2027-05-01,2027-05-01,5/1*,Havana Reggae Fest,Quincy,active,True,,,https://www.facebook.com/HavanaReggaeFestival,www.facebook.com,https://festivalguidesandreviews.com/florida-festivals/
2027-05-01,2027-05-01,5/1*,St. Augustine Craft Brewers’ Festival,St. Augustine,active,True,,,https://www.floridashistoriccoast.com/events/annual/st-augustine-craft-brewers-fest/,www.floridashistoriccoast.com,https://festivalguidesandreviews.com/florida-festivals/
2027-05-01,2027-05-01,5/1*,7 Rivers Water Festival,Winter Haven,active,True,,,https://www.facebook.com/events/1295206189323167/,www.facebook.com,https://festivalguidesandreviews.com/florida-festivals/
2027-05-01,2027-05-02,5/1-5/2*,Fort Myers Blueberry Festival,Fort Myers,active,True,,,https://www.ftmyersfest.com/,www.ftmyersfest.com,https://festivalguidesandreviews.com/florida-festivals/
2027-05-01,2027-05-02,5/1-5/2*,ArtsQuest Fine Arts Festival,Miramar Beach,active,True,,,https://www.culturalartsalliance.com/arts-quest,www.culturalartsalliance.com,https://festivalguidesandreviews.com/florida-festivals/
2027-05-01,2027-05-02,5/1-5/2*,Pinellas Pepper Fest,Pinellas Park,active,True,,,https://www.facebook.com/PinellasPepperFest/,www.facebook.com,https://festivalguidesandreviews.com/florida-festivals/
2027-05-01,2027-05-02,5/1-5/2*,Treasure Coast Country Music Fest,Vero Beach,active,True,,,https://treasurecoastcountryfest.com/,treasurecoastcountryfest.com,https://festivalguidesandreviews.com/florida-festivals/
2027-05-01,2027-05-02,5/1-5/2*,Cedar Lakes Woods and Gardens Spring Festival,Williston,active,True,,,https://cedarlakeswoodsandgarden.com/upcoming-events,cedarlakeswoodsandgarden.com,https://festivalguidesandreviews.com/florida-festivals/
2027-05-02,2027-05-02,5/2*,Sanford Food Truck Fiesta V,Sanford,active,True,,,https://sanfordfl.gov/event-calendar/,sanfordfl.gov,https://festivalguidesandreviews.com/florida-festivals/
2027-05-05,2027-05-09,5/5-5/9*,St. Augustine Food and Wine Festival,St. Augustine,active,True,,,https://staugustinefoodandwinefestival.com/,staugustinefoodandwinefestival.com,https://festivalguidesandreviews.com/florida-festivals/
2027-05-06,2027-05-09,5/6-5/9,Sunshine Get Down Music and Art Festival,Brooksville,active,False,,,https://sunshinehootenanny.com/,sunshinehootenanny.com,https://festivalguidesandreviews.com/florida-festivals/
2027-05-06,2027-05-09,5/6-5/9*,Welcome to Rockville,Daytona Beach,active,True,,,https://welcometorockville.com/,welcometorockville.com,https://festivalguidesandreviews.com/florida-festivals/
2027-05-07,2027-05-09,5/7-5/9*,Hernando County Blueberry Festival,Brooksville,active,True,,,https://www.facebook.com/events/s/hernando-county-blueberry-fest/1398728687780851/,www.facebook.com,https://festivalguidesandreviews.com/florida-festivals/
2027-05-07,2027-05-09,5/7-5/9*,Rolling Loud Florida,Orlando,active,True,,,https://www.facebook.com/RollingLoudFest/,www.facebook.com,https://festivalguidesandreviews.com/florida-festivals/
2027-05-07,2027-05-09,5/7-5/9*,Country Thunder,Tampa,active,True,,,https://www.countrythunder.com/fl,www.countrythunder.com,https://festivalguidesandreviews.com/florida-festivals/
2027-05-08,2027-05-08,5/8*,Worm Fiddlin’ Festival,Caryville,active,True,,,https://www.facebook.com/events/s/worm-fiddlin-festival/1905693540335603/,www.facebook.com,https://festivalguidesandreviews.com/florida-festivals/
2027-05-08,2027-05-08,5/8*,Island Time Fest,Daytona Beach,active,True,,,https://islandtimefest.com/?event_name=Island+Time&event_date=May+9th+2026,islandtimefest.com,https://festivalguidesandreviews.com/florida-festivals/
2027-05-08,2027-05-08,5/8*,Clay County Historical Society Railroad Festival,Green Cove Springs,active,True,,,https://exploreclay.com/event/railroad-day-festival/,exploreclay.com,https://festivalguidesandreviews.com/florida-festivals/
2027-05-08,2027-05-08,5/8*,Founder’s Day Festival,Howey in the Hills,active,True,,,https://www.howey.org/Calendar.aspx?EID=307&month=5&year=2026&day=11&calType=0,www.howey.org,https://festivalguidesandreviews.com/florida-festivals/
2027-05-08,2027-05-08,5/8*,Sheryl’s BreastFest,Lakeland,active,True,,,https://www.sherylsbreastfest.org,www.sherylsbreastfest.org,https://festivalguidesandreviews.com/florida-festivals/
2027-05-08,2027-05-08,5/8*,Orlando Whiskey Riot,Orlando,active,True,,,https://whiskeyriot.com/orlando-fl,whiskeyriot.com,https://festivalguidesandreviews.com/florida-festivals/
2027-05-08,2027-05-08,5/8*,AAPI Heritage Celebration,Palm Bay,active,True,,,https://www.sagikiquo.com/about-5,www.sagikiquo.com,https://festivalguidesandreviews.com/florida-festivals/
2027-05-08,2027-05-08,5/8*,Spring Arts Festival and Garden Show,Palm Coast,active,True,,,https://www.visitflagler.com/event/spring-arts-festival-%26-garden-show-2026/22560/,www.visitflagler.com,https://festivalguidesandreviews.com/florida-festivals/
2027-05-08,2027-05-08,5/8*,Pensacola Beach Art and Wine Festival,Pensacola Beach,active,True,,,https://www.pensacolabeachchamber.com/events/artandwinefestival,www.pensacolabeachchamber.com,https://festivalguidesandreviews.com/florida-festivals/
2027-05-08,2027-05-08,5/8*,Maifest in the Biergarten,Pinellas Park,active,True,,,https://www.facebook.com/events/8098-66th-st-n-pinellas-park-fl-united-states-florida-33781/maifest/1591224678970549/,www.facebook.com,https://festivalguidesandreviews.com/florida-festivals/
2027-05-08,2027-05-08,5/8*,Pride: Be Fabulous Arts and Music Festival,Sarasota,active,True,,,https://fabaf.org/be-fabulous-pride-fest/,fabaf.org,https://festivalguidesandreviews.com/florida-festivals/
2027-05-08,2027-05-08,5/8*,Drake’s Raid,St. Augustine,active,True,,,https://www.visitstaugustine.com/event/drakes-raid-re-enactment,www.visitstaugustine.com,https://festivalguidesandreviews.com/florida-festivals/
2027-05-08,2027-05-08,5/8*,Wesley Well Farms Sunflower and Tomato Festival,St. Augustine,active,True,,,https://www.facebook.com/events/25874852215441642,www.facebook.com,https://festivalguidesandreviews.com/florida-festivals/
2027-05-08,2027-05-09,5/8-5/9*,Cocoa Village Art and Craft Fair II,Cocoa,active,True,,,https://visitcocoavillage.com/events/art-craft-fairs,visitcocoavillage.com,https://festivalguidesandreviews.com/florida-festivals/
2027-05-08,2027-05-09,5/8-5/9*,Mayfaire by-the-Lake,Lakeland,active,True,,,https://www.mayfairebythelake.org/,www.mayfairebythelake.org,https://festivalguidesandreviews.com/florida-festivals/
2027-05-09,2027-05-10,5/9-5/10*,Palm Harbor Art and Food Festival,Palm Harbor,active,True,,,https://www.facebook.com/events/1683133355607763/?post_id=1734659067121858&acontext=%7B%22event_action_history%22%3A[%7B%22surface%22%3A%22external_search_engine%22%7D%2C%7B%22mechanism%22%3A%22footer_attachment%22%2C%22surface%22%3A%22newsfeed%22%7D]%2C%22ref_notif_type%22%3Anull%7D,www.facebook.com,https://festivalguidesandreviews.com/florida-festivals/
2027-05-14,2027-05-15,5/14-5/15*,Digital Graffiti Festival,Alys Beach,active,True,,,https://digitalgraffiti.com/,digitalgraffiti.com,https://festivalguidesandreviews.com/florida-festivals/
2027-05-14,2027-05-15,5/14-5/15*,Lionfish Festival,Destin,active,True,,,https://emeraldcoastopen.com/lionfish-festival/,emeraldcoastopen.com,https://festivalguidesandreviews.com/florida-festivals/
2027-05-14,2027-05-15,5/14-5/15*,Billy Bowlegs Pirate Festival,Fort Walton Beach,active,True,,,https://www.facebook.com/BillyBowlegsPirateFestival,www.facebook.com,https://festivalguidesandreviews.com/florida-festivals/
2027-05-14,2027-05-16,5/14-5/16*,OCC Invitational Bike Show,Clearwater,active,True,,,https://www.occroadhouse.com/invitational-bike-show,www.occroadhouse.com,https://festivalguidesandreviews.com/florida-festivals/
2027-05-15,2027-05-15,5/15*,Wild Amelia Nature Festival,Fernandina Beach,active,True,,,https://keepnassaubeautiful.org/events/event/wild-amelia-nature-festival-ecoexpo-2/,keepnassaubeautiful.org,https://festivalguidesandreviews.com/florida-festivals/
2027-05-15,2027-05-15,5/15*,Haitian Compas Festival,Miami,active,True,,,https://www.facebook.com/Haitiancompasfest,www.facebook.com,https://festivalguidesandreviews.com/florida-festivals/
2027-05-15,2027-05-15,5/15*,Newberry Watermelon Festival,Newberry,active,True,,,https://newberrywatermelonfestival.com/,newberrywatermelonfestival.com,https://festivalguidesandreviews.com/florida-festivals/
2027-05-15,2027-05-15,5/15*,Pensacola Pickles and Wings Festival,Pensacola,active,True,,,https://www.pensacolafest.com/,www.pensacolafest.com,https://festivalguidesandreviews.com/florida-festivals/
2027-05-15,2027-05-15,5/15*,Fishermen’s Village Celtic Fest,Punta Gorda,active,True,,,https://www.fishermensvillage.com/events,www.fishermensvillage.com,https://festivalguidesandreviews.com/florida-festivals/
2027-05-15,2027-05-15,5/15*,Tupelo Honey Festival,Wewahitchka,active,True,,,http://www.tupelohoneyfestival.com/,www.tupelohoneyfestival.com,https://festivalguidesandreviews.com/florida-festivals/
2027-05-15,2027-05-15,5/15*,Makin’ Bacon Festival,Williston,active,True,,,https://www.facebook.com/events/676250995423130/,www.facebook.com,https://festivalguidesandreviews.com/florida-festivals/
2027-05-16,2027-05-16,5/16*,Asian Cultural Festival,Ocoee,active,True,,,https://www.aahc-cf.org/asian-cultural-festival.html,www.aahc-cf.org,https://festivalguidesandreviews.com/florida-festivals/
2027-05-20,2027-05-23,5/20-5/23*,Jacksonville Jazz Festival,Jacksonville,active,True,,,https://www.facebook.com/events/1623399108649700/?post_id=1638345053821772&acontext=%7B%22event_action_history%22%3A[%7B%22surface%22%3A%22external_search_engine%22%7D%2C%7B%22mechanism%22%3A%22footer_attachment%22%2C%22surface%22%3A%22newsfeed%22%7D]%2C%22ref_notif_type%22%3Anull%7D,www.facebook.com,https://festivalguidesandreviews.com/florida-festivals/
2027-05-21,2027-05-23,5/21-5/23*,Blue Crab Festival,Palatka,active,True,,,https://www.facebook.com/bluecrabfestivalpalatka,www.facebook.com,https://festivalguidesandreviews.com/florida-festivals/
2027-05-21,2027-05-23,5/21-5/23*,HAAPI Asian Festival,St. Petersburg,active,True,,,https://www.eventbrite.com/e/haapi-festival-tickets-1984020409453,www.eventbrite.com,https://festivalguidesandreviews.com/florida-festivals/
2027-05-21,2027-05-23,5/21-5/23*,Florida Folk Festival,White Springs,active,True,,,https://www.floridastateparks.org/FloridaFolkFestival,www.floridastateparks.org,https://festivalguidesandreviews.com/florida-festivals/
2027-05-22,2027-05-22,5/22*,Clermont Reggae Festival,Clermont,active,True,,,https://www.eventbrite.com/e/2026-clermont-reggae-festival-tickets-1980151714081?aff=ebdsoporgprofile,www.eventbrite.com,https://festivalguidesandreviews.com/florida-festivals/
2027-05-22,2027-05-22,5/22*,"Red, White and Bloom Market",Dover,active,True,,,https://constellationeventsllc.com/,constellationeventsllc.com,https://festivalguidesandreviews.com/florida-festivals/
2027-05-22,2027-05-22,5/22*,Boca H2O Music Festival,Fort Myers,active,True,,,https://www.facebook.com/events/3647042992102337,www.facebook.com,https://festivalguidesandreviews.com/florida-festivals/
2027-05-22,2027-05-22,5/22*,Largo Evening Market III,Largo,active,True,,,https://www.playlargo.com/special_events_detail_T40_R81.php,www.playlargo.com,https://festivalguidesandreviews.com/florida-festivals/
2027-05-22,2027-05-22,5/22*,Hurricane Party,Sanford,active,True,,,https://www.facebook.com/WestEndHurricaneParty/,www.facebook.com,https://festivalguidesandreviews.com/florida-festivals/
2027-05-22,2027-05-23,5/22-5/23*,Tampa Bay Barbecue Festival and Competition,St. Petersburg,active,True,,,https://www.tampabaybarbecue.com/,www.tampabaybarbecue.com,https://festivalguidesandreviews.com/florida-festivals/
2027-05-23,2027-05-23,5/23*,Forgotten Coast Sea Turtle Festival,Port St. Joe,active,True,,,https://www.facebook.com/GulfTurtle,www.facebook.com,https://festivalguidesandreviews.com/florida-festivals/
2027-05-24,2027-05-24,5/24*,Green Cove Springs Memorial Day RiverFest,Green Cove Springs,active,True,,,https://www.greencovesprings.com/290/Green-Cove-Springs-Riverfest,www.greencovesprings.com,https://festivalguidesandreviews.com/florida-festivals/
2027-05-24,2027-05-24,5/24*,Myakka River Blues Festival,Venice,active,True,,,https://www.facebook.com/myakkariverbluesfest,www.facebook.com,https://festivalguidesandreviews.com/florida-festivals/
2027-05-27,2027-05-30,5/27-5/30*,Gulf Coast Jam,Panama City Beach,active,True,,,https://gulfcoastjam.com/,gulfcoastjam.com,https://festivalguidesandreviews.com/florida-festivals/
2027-05-28,2027-05-28,5/28*,St. Pete Pride Street Fair,St. Petersburg,active,True,,,https://www.stpetepride.org/2026-events,www.stpetepride.org,https://festivalguidesandreviews.com/florida-festivals/
2027-05-28,2027-05-30,5/28-5/30*,New Smyrna Beach Jazz Festival,New Smyrna Beach,active,True,,,https://nsbjazzfest.com,nsbjazzfest.com,https://festivalguidesandreviews.com/florida-festivals/
2027-05-29,2027-05-29,5/29,Howey Artisan Market at Mission Resort and Club V,Howey in the Hills,active,False,,,https://www.facebook.com/events/1618016786356990/1618017999690202/?acontext=%7B%22event_action_history%22%3A[%7B%22extra_data%22%3A%22%22%2C%22mechanism%22%3A%22surface%22%2C%22surface%22%3A%22permalink%22%7D%2C%7B%22extra_data%22%3A%22%22%2C%22mechanism%22%3A%22surface%22%2C%22surface%22%3A%22permalink%22%7D%2C%7B%22extra_data%22%3A%22%22%2C%22mechanism%22%3A%22surface%22%2C%22surface%22%3A%22permalink%22%7D]%2C%22ref_notif_type%22%3Anull%7D,www.facebook.com,https://festivalguidesandreviews.com/florida-festivals/
2027-05-29,2027-05-29,5/29*,PrideFest Kissimmee,Kissimmee,active,True,,,https://www.kissimmee.gov/Parks-Recreation-Events/Events-Festivals/Pridefest-Kissimmee,www.kissimmee.gov,https://festivalguidesandreviews.com/florida-festivals/
2027-06-03,2027-06-06,6/3-6/6*,The Hukilau,Fort Lauderdale,active,True,,,https://www.facebook.com/groups/202314416492064/,www.facebook.com,https://festivalguidesandreviews.com/florida-festivals/
2027-06-03,2027-06-07,6/3-6/7*,Girls in Wonderland,Orlando,active,True,,,https://www.girlsinwonderland.com/,www.girlsinwonderland.com,https://festivalguidesandreviews.com/florida-festivals/
2027-06-04,2027-06-04,6/4*,Oakland Park Pride,Oakland,active,True,,,https://www.oaklandparkfl.gov/750/Oakland-Park-Pride,www.oaklandparkfl.gov,https://festivalguidesandreviews.com/florida-festivals/
2027-06-05,2027-06-05,6/5*,Chiefland Watermelon Festival,Chiefland,active,True,,,https://chieflandwomansclub.org/watermelon-festival,chieflandwomansclub.org,https://festivalguidesandreviews.com/florida-festivals/
2027-06-05,2027-06-05,6/5*,Caribbean Jerk Festival,Clermont,active,True,,,https://www.facebook.com/CAALC123,www.facebook.com,https://festivalguidesandreviews.com/florida-festivals/
2027-06-05,2027-06-05,6/5*,Fernandina Beach Pride Parade and Festival,Fernandina Beach,active,True,,,https://www.fernandinabeachpride.com/events/2026-fernandina-beach-pride-festival-parade,www.fernandinabeachpride.com,https://festivalguidesandreviews.com/florida-festivals/
2027-06-05,2027-06-05,6/5*,UnicornFest at Millennial,Fort Myers,active,True,,,https://www.facebook.com/events/4438609503092381/,www.facebook.com,https://festivalguidesandreviews.com/florida-festivals/
2027-06-05,2027-06-05,6/5*,Key West Pride Street Fair,Key West,active,True,,,https://www.facebook.com/keywestpride,www.facebook.com,https://festivalguidesandreviews.com/florida-festivals/
2027-06-05,2027-06-05,6/5*,Pineapple Festival,Orlando,active,True,,,https://www.eventeny.com/events/pineapple-festival-30129/?srsltid=AfmBOooJvfak6b7Xe84tVm5X2ScmVnWAZV_Vb-3JVEuxeTSHWXB9SgQ_,www.eventeny.com,https://festivalguidesandreviews.com/florida-festivals/
2027-06-05,2027-06-05,6/5*,Silver Pride,Sarasota,active,True,,,https://www.facebook.com/SarasotaPride,www.facebook.com,https://festivalguidesandreviews.com/florida-festivals/
2027-06-05,2027-06-05,6/5*,Wellborn Blueberry Festival,Wellborn,active,True,,,https://www.facebook.com/photo/?fbid=1524723026326693&set=a.500014492130890,www.facebook.com,https://festivalguidesandreviews.com/florida-festivals/
2027-06-05,2027-06-05,6/5*,Philippine Summer Festival,West Palm Beach,active,True,,,https://www.facebook.com/events/1521146466009225/?acontext=%7B%22event_action_history%22%3A[%7B%22mechanism%22%3A%22surface%22%2C%22surface%22%3A%22groups_highlight_units%22%7D]%2C%22ref_notif_type%22%3Anull%7D,www.facebook.com,https://festivalguidesandreviews.com/florida-festivals/
2027-06-06,2027-06-06,6/6*,Family Day on the Pier,St. Petersburg,active,True,,,https://www.eventeny.com/events/familydayonthepier-26882/,www.eventeny.com,https://festivalguidesandreviews.com/florida-festivals/
2027-06-11,2027-06-13,6/11-6/13*,Summer Brew and Food Fest,Port Orange,active,True,,,https://poctrust.org/event/summer-brew-food-fest-2026/,poctrust.org,https://festivalguidesandreviews.com/florida-festivals/
2027-06-12,2027-06-12,6/12*,Brooksville Watermelon Festival,Brooksville,active,True,,,https://www.facebook.com/events/966757305935078,www.facebook.com,https://festivalguidesandreviews.com/florida-festivals/
2027-06-12,2027-06-12,6/12*,Daytona Beach Juneteenth Family Festival,Daytona Beach,active,True,,,https://www.juneteenthdaytona.com/events,www.juneteenthdaytona.com,https://festivalguidesandreviews.com/florida-festivals/
2027-06-12,2027-06-12,6/12*,Ritmo Carnival,Daytona Beach,active,True,,,https://www.eventbrite.com/e/ritmo-carnival-island-fiesta-tickets-1987400459273?aff=ebdsoporgprofile,www.eventbrite.com,https://festivalguidesandreviews.com/florida-festivals/
2027-06-12,2027-06-12,6/12*,Deerfield Beach Juneteenth,Deerfield Beach,active,True,,,https://www.deerfield-beach.com/1940/Juneteenth,www.deerfield-beach.com,https://festivalguidesandreviews.com/florida-festivals/
2027-06-12,2027-06-12,6/12*,Kissimmee Juneteenth Festival,Kissimmee,active,True,,,https://www.kissimmee.gov/Parks-Recreation-Events/Events-Festivals/Juneteenth-Festival,www.kissimmee.gov,https://festivalguidesandreviews.com/florida-festivals/
2027-06-12,2027-06-12,6/12*,Florida Hot Air Balloon Festival,Lakeland,active,True,,,https://www.facebook.com/events/lakeland-florida/florida-hot-air-balloon-festival-2023/1214448508887968/,www.facebook.com,https://festivalguidesandreviews.com/florida-festivals/
2027-06-12,2027-06-12,6/12*,Fishermen’s Village Jazz on the Harbor,Punta Gorda,active,True,,,https://www.fishermensvillage.com/events,www.fishermensvillage.com,https://festivalguidesandreviews.com/florida-festivals/
2027-06-13,2027-06-13,6/13*,Sanford Food Truck Fiesta VI,Sanford,active,True,,,https://sanfordfl.gov/event-calendar/,sanfordfl.gov,https://festivalguidesandreviews.com/florida-festivals/
2027-06-16,2027-06-16,6/16*,Longwood Juneteenth,Longwood,active,True,,,https://www.longwoodfl.org/Calendar.aspx?EID=6058&month=6&year=2026&day=10&calType=0,www.longwoodfl.org,https://festivalguidesandreviews.com/florida-festivals/
2027-06-16,2027-06-19,6/16-6/19*,ROC the Block Juneteenth Festival,Tampa,active,True,,,https://www.roctheblockinc.com/,www.roctheblockinc.com,https://festivalguidesandreviews.com/florida-festivals/
2027-06-18,2027-06-19,6/18-6/19*,Jefferson County Watermelon Festival,Monticello,active,True,,,https://www.monticellowatermelonfestival.com,www.monticellowatermelonfestival.com,https://festivalguidesandreviews.com/florida-festivals/
2027-06-19,2027-06-19,6/19*,Boynton Beach Juneteenth Festival,Boynton Beach,active,True,,,https://www.instagram.com/p/DXfexrXCgzl/,www.instagram.com,https://festivalguidesandreviews.com/florida-festivals/
2027-06-19,2027-06-19,6/19*,Clermont Juneteenth Celebration,Clermont,active,True,,,https://www.clermontfl.gov/254/Events,www.clermontfl.gov,https://festivalguidesandreviews.com/florida-festivals/
2027-06-19,2027-06-19,6/19*,Juneteenth Arts and Cultural Festival,Cocoa,active,True,,,https://www.facebook.com/juneteenthcocoa/,www.facebook.com,https://festivalguidesandreviews.com/florida-festivals/
2027-06-19,2027-06-19,6/19*,Coconut Creek Juneteenth Freedom Day Celebration,Coconut Creek,active,True,,,https://www.instagram.com/p/DXH2VB8EyT8/,www.instagram.com,https://festivalguidesandreviews.com/florida-festivals/
2027-06-19,2027-06-19,6/19*,Coral Springs Juneteenth Celebration,Coral Springs,active,True,,,https://www.coralsprings.gov/Events-directory/Special-Events/Juneteenth-Celebration,www.coralsprings.gov,https://festivalguidesandreviews.com/florida-festivals/
2027-06-19,2027-06-19,6/19*,Midsummer Fair,Fort Walton Beach,active,True,,,https://www.facebook.com/events/2968308300041351,www.facebook.com,https://festivalguidesandreviews.com/florida-festivals/
2027-06-19,2027-06-19,6/19*,The Central Florida Juneteenth Celebration,Maitland,active,True,,,https://letscelebratejuneteenth.com,letscelebratejuneteenth.com,https://festivalguidesandreviews.com/florida-festivals/
2027-06-19,2027-06-19,6/19*,Mount Dora Juneteenth Festival,Mount Dora,active,True,,,https://mountdora.gov/Calendar.aspx?EID=18591&month=3&year=2026&day=6&calType=0,mountdora.gov,https://festivalguidesandreviews.com/florida-festivals/
2027-06-19,2027-06-19,6/19*,Juneteenth Arts Festival,Sarasota,active,True,,,https://westcoastblacktheatre.org/performances/juneteenth-arts-festival,westcoastblacktheatre.org,https://festivalguidesandreviews.com/florida-festivals/
2027-06-19,2027-06-19,6/19*,Tamarac Juneteenth Block Party,Tamarac,active,True,,,https://www.tamarac.org/SpecialEvents,www.tamarac.org,https://festivalguidesandreviews.com/florida-festivals/
2027-06-19,2027-06-19,6/19*,Tampa Bay Juneteenth Festival,Tampa,active,True,,,https://www.eventbrite.com/e/tampa-bay-juneteenth-festival-tickets-1468296256629?aff=ebdsoporgprofile,www.eventbrite.com,https://festivalguidesandreviews.com/florida-festivals/
2027-06-19,2027-06-19,6/19*,Stonewall Pride Parade and Street Festival,Wilton Manors,active,True,,,https://www.stonewallpride.lgbt/,www.stonewallpride.lgbt,https://festivalguidesandreviews.com/florida-festivals/
2027-06-19,2027-06-19,6/19*,Winter Haven Juneteenth Celebration,Winter Haven,active,True,,,https://www.facebook.com/events/2127452774737322,www.facebook.com,https://festivalguidesandreviews.com/florida-festivals/
2027-06-19,2027-06-20,6/19-6/20*,Redland Summer Fruit Festival,Homestead,active,True,,,https://www.miamidade.gov/fruitandspicepark/eventDetail.page?id=270,www.miamidade.gov,https://festivalguidesandreviews.com/florida-festivals/
2027-06-20,2027-06-20,6/20*,Juneteenth: Unity x Black Excellence Festival,West Palm Beach,active,True,,,https://www.facebook.com/JuneteenthPBC,www.facebook.com,https://festivalguidesandreviews.com/florida-festivals/
2027-06-25,2027-06-26,6/25-6/26*,Panhandle Watermelon Festival,Chipley,active,True,,,https://www.panhandlewatermelon.com/,www.panhandlewatermelon.com,https://festivalguidesandreviews.com/florida-festivals/
2027-06-25,2027-06-27,6/25-6/27*,Mega Night Market: Asian Summer Night Market,St. Petersburg,active,True,,,https://www.facebook.com/events/4290446451270176/,www.facebook.com,https://festivalguidesandreviews.com/florida-festivals/
2027-06-26,2027-06-26,6/26*,Mac and Cheese Showdown,Fort Myers,active,True,,,https://www.facebook.com/events/2661569220850436/,www.facebook.com,https://festivalguidesandreviews.com/florida-festivals/
2027-06-26,2027-06-26,6/26*,Mango Fest,Key West,active,True,,,https://mangofestkeywest.com/,mangofestkeywest.com,https://festivalguidesandreviews.com/florida-festivals/
2027-06-26,2027-06-26,6/26*,The Big Bang: Lady Lake’s Independence Day Celebration,Lady Lake,active,True,,,https://www.ladylakefl.gov/Calendar.aspx?EID=1610,www.ladylakefl.gov,https://festivalguidesandreviews.com/florida-festivals/
2027-06-26,2027-06-26,6/26*,Largo Evening Market IV,Largo,active,True,,,https://www.playlargo.com/special_events_detail_T40_R81.php,www.playlargo.com,https://festivalguidesandreviews.com/florida-festivals/
2027-06-26,2027-06-26,6/26*,"Rock, Freedom and Fireworks",Longwood,active,True,,,https://www.longwoodfl.org/Calendar.aspx?EID=4571&month=12&year=2025&day=17&calType=0,www.longwoodfl.org,https://festivalguidesandreviews.com/florida-festivals/
2027-06-26,2027-06-26,6/26*,Groove Fest,Panama City,active,True,,,https://www.facebook.com/profile.php?id=61556399979615,www.facebook.com,https://festivalguidesandreviews.com/florida-festivals/
2027-06-26,2027-06-26,6/26*,St. Pete Pride Parade and Festival,St. Petersburg,active,True,,,https://www.stpetepride.org/2026-events,www.stpetepride.org,https://festivalguidesandreviews.com/florida-festivals/
2027-06-26,2027-06-26,6/26*,Florida Mango Festival,West Palm Beach,active,True,,,https://floridamangofestival.com/,floridamangofestival.com,https://festivalguidesandreviews.com/florida-festivals/
2027-06-26,2027-06-27,6/26-6/27*,Keel Farms Tampa Bay Watermelon Weekend,Plant City,active,True,,,https://www.keelfarms.com/festivals,www.keelfarms.com,https://festivalguidesandreviews.com/florida-festivals/
2027-06-30,2027-07-04,6/30-7/4*,Key Lime Festival,Key West,active,True,,,https://keylimefestival.com/,keylimefestival.com,https://festivalguidesandreviews.com/florida-festivals/
2027-07-01,2027-07-04,7/1-7/4*,Key West Mermaid Festival,Key West,active,True,,,https://www.facebook.com/KeyWestMermaidFestival/,www.facebook.com,https://festivalguidesandreviews.com/florida-festivals/
2027-07-02,2027-07-02,7/2*,Bushnell Freedom Fest,Bushnell,active,True,,,https://www.facebook.com/profile.php?id=100057516375461,www.facebook.com,https://festivalguidesandreviews.com/florida-festivals/
2027-07-03,2027-07-03,7/3*,Red Hot and Boom,Altamonte Springs,active,True,,,https://www.altamonte.org/701/Red-Hot-Boom,www.altamonte.org,https://festivalguidesandreviews.com/florida-festivals/
2027-07-03,2027-07-03,7/3*,Apalachicola Waterfront July 3rd Celebration,Apalachicola,active,True,,,https://www.apalachicolabay.org/event/apalachicola-july-3rd-waterfront-celebration/,www.apalachicolabay.org,https://festivalguidesandreviews.com/florida-festivals/
2027-07-03,2027-07-03,7/3*,Lower Keys Rotary’s Independence Day Celebration,Big Pine Key,active,True,,,https://www.facebook.com/events/1386246189928652,www.facebook.com,https://festivalguidesandreviews.com/florida-festivals/
2027-07-03,2027-07-03,7/3*,Clearwater Celebrates America,Clearwater,active,True,,,https://www.myclearwater.com/Events-and-Meetings/Clearwater-Celebrates-America,www.myclearwater.com,https://festivalguidesandreviews.com/florida-festivals/
2027-07-03,2027-07-03,7/3*,Star-Spangled Food Truck Festival,Destin,active,True,,,https://destincommons.com/happenings-events/star-spangled-food-truck-festival-2026/,destincommons.com,https://festivalguidesandreviews.com/florida-festivals/
2027-07-03,2027-07-03,7/3*,Freedom on the Waterfront,Mount Dora,active,True,,,https://www.mountdora.com/mountdoramajoreventsandfestivals,www.mountdora.com,https://festivalguidesandreviews.com/florida-festivals/
2027-07-03,2027-07-03,7/3*,Wildwood Happy Birthday America,Wildwood,active,True,,,https://www.wildwood-fl.gov/parksrec/page/happy-birthday-america-2,www.wildwood-fl.gov,https://festivalguidesandreviews.com/florida-festivals/
2027-07-04,2027-07-04,7/4*,Apopka’s July 4th Celebration,Apopka,active,True,,,https://www.apopka.gov/908/July-Fourth-Celebration,www.apopka.gov,https://festivalguidesandreviews.com/florida-festivals/
2027-07-04,2027-07-04,7/4*,Star Spangled Bonita 4th of July Celebration,Bonita Springs,active,True,,,https://www.cityofbonitasprings.org/cms/One.aspx?portalId=11726542&pageId=13788726,www.cityofbonitasprings.org,https://festivalguidesandreviews.com/florida-festivals/
2027-07-04,2027-07-04,7/4*,"Red, White and Blue with a Waterfront View",Boynton Beach,active,True,,,https://www.boynton-beach.org/658/4th-of-July-Celebration,www.boynton-beach.org,https://festivalguidesandreviews.com/florida-festivals/
2027-07-04,2027-07-04,7/4*,"Cape Coral Red, White and Boom!",Cape Coral,active,True,,,https://www.capeboom.com/home,www.capeboom.com,https://festivalguidesandreviews.com/florida-festivals/
2027-07-04,2027-07-04,7/4*,Celebration’s Star Spangled Spectacular,Celebration,active,True,,,https://celebrationtowncenter.com/event/celebrations-star-spangled-spectacular/,celebrationtowncenter.com,https://festivalguidesandreviews.com/florida-festivals/
2027-07-04,2027-07-04,7/4*,Clearwater Celebrates America,Clearwater,active,True,,,https://www.myclearwater.com/Events-and-Meetings/Clearwater-Celebrates-America,www.myclearwater.com,https://festivalguidesandreviews.com/florida-festivals/
2027-07-04,2027-07-04,7/4*,"Clermont 4th of July Red, White and Boom!",Clermont,active,True,,,https://www.clermontfl.gov/254/Events,www.clermontfl.gov,https://festivalguidesandreviews.com/florida-festivals/
2027-07-04,2027-07-04,7/4*,Crestview 4th of July Celebration,Crestview,active,True,,,https://www.facebook.com/profile.php?id=61552670184473,www.facebook.com,https://festivalguidesandreviews.com/florida-festivals/
2027-07-04,2027-07-04,7/4*,Fire on the Water,Daytona Beach,active,True,,,https://roguewaveevents.com/,roguewaveevents.com,https://festivalguidesandreviews.com/florida-festivals/
2027-07-04,2027-07-04,7/4*,Deerfield Beach 4th of July Celebration,Deerfield Beach,active,True,,,https://www.deerfield-beach.com/1178/4th-of-July-Celebration,www.deerfield-beach.com,https://festivalguidesandreviews.com/florida-festivals/
2027-07-04,2027-07-04,7/4*,Delray Beach 4th of July Celebration,Delray Beach,active,True,,,https://www.delraybeachfl.gov/our-city/things-to-do/4th-of-july,www.delraybeachfl.gov,https://festivalguidesandreviews.com/florida-festivals/
2027-07-04,2027-07-04,7/4*,Geneva 4th of July Parade and Festival,Geneva,active,True,,,https://www.facebook.com/groups/5390313304324584,www.facebook.com,https://festivalguidesandreviews.com/florida-festivals/
2027-07-04,2027-07-04,7/4*,Thunder on the Ridge,Haines City,active,True,,,https://hainescity.com/Calendar.aspx?EID=6654&month=3&year=2026&day=25&calType=0,hainescity.com,https://festivalguidesandreviews.com/florida-festivals/
2027-07-04,2027-07-04,7/4*,Monumental 4th of July Celebration,Kissimmee,active,True,,,https://www.kissimmee.gov/Parks-Recreation-Events/Events-Festivals/Monumental-Fourth-of-July,www.kissimmee.gov,https://festivalguidesandreviews.com/florida-festivals/
2027-07-04,2027-07-04,7/4*,Ocala Fourth in the Park,Ocala,active,True,,,https://www.ocalamarion.com/events/celebrate-america-250/,www.ocalamarion.com,https://festivalguidesandreviews.com/florida-festivals/
2027-07-04,2027-07-04,7/4*,American Pride 4th of July,Orange Park,active,True,,,https://www.moosehaven.org/american-pride-4th-of-july/,www.moosehaven.org,https://festivalguidesandreviews.com/florida-festivals/
2027-07-04,2027-07-04,7/4*,Let Freedom Ring 4th of July Celebration,LaBelle,active,True,,,https://www.facebook.com/events/barron-park-labelle/let-freedom-ring-4th-of-july-celebration/1743135703727227/,www.facebook.com,https://festivalguidesandreviews.com/florida-festivals/
2027-07-04,2027-07-04,7/4*,Largo 4th of July Celebration,Largo,active,True,,,https://www.playlargo.com/special_events_detail_T40_R90.php,www.playlargo.com,https://festivalguidesandreviews.com/florida-festivals/
2027-07-04,2027-07-04,7/4*,Leesburg 4th of July Star Spangled Spectacular,Leesburg,active,True,,,https://www.leesburgflorida.gov/activities/recreation/star_spangled_spectacular.php,www.leesburgflorida.gov,https://festivalguidesandreviews.com/florida-festivals/
2027-07-04,2027-07-04,7/4*,4th of July at Altos del Mar Park,Miami Beach,active,True,,,https://events.miamibeachfl.gov/event/4th-of-july-music-performance-and-roller-disco/,events.miamibeachfl.gov,https://festivalguidesandreviews.com/florida-festivals/
2027-07-04,2027-07-04,7/4*,Pasco Fun Fest,New Port Richey,active,True,,,https://pascofunfest.com/,pascofunfest.com,https://festivalguidesandreviews.com/florida-festivals/
2027-07-04,2027-07-04,7/4*,Fireworks at the Fountain,Orlando,active,True,,,https://www.orlando.gov/Events/Fireworks-at-the-Fountain-2026,www.orlando.gov,https://festivalguidesandreviews.com/florida-festivals/
2027-07-04,2027-07-04,7/4*,Fourth of July Celebration at Avalon Park,Orlando,active,True,,,https://www.facebook.com/events/1215713053832046/,www.facebook.com,https://festivalguidesandreviews.com/florida-festivals/
2027-07-04,2027-07-04,7/4*,Oviedo July 4th and 250th Independence Fireworks Show,Oviedo,active,True,,,https://www.eventbrite.com/e/oviedos-july-4th-250th-independence-fireworks-show-tickets-1986459696426?aff=ebdsoporgprofile,www.eventbrite.com,https://festivalguidesandreviews.com/florida-festivals/
2027-07-04,2027-07-04,7/4*,United Flagler 4th,Palm Coast,active,True,,,https://www.palmcoast.gov/Events/Home/Details?slug=unitedflagler4th,www.palmcoast.gov,https://festivalguidesandreviews.com/florida-festivals/
2027-07-04,2027-07-04,7/4*,Palmetto Fourth Fest,Palmetto Bay,active,True,,,https://www.facebook.com/groups/parrishnetwork/posts/2753000305085510/,www.facebook.com,https://festivalguidesandreviews.com/florida-festivals/
2027-07-04,2027-07-04,7/4*,Port Orange 4th of July Spectacular,Port Orange,active,True,,,https://www.facebook.com/PortOrangeParks,www.facebook.com,https://festivalguidesandreviews.com/florida-festivals/
2027-07-04,2027-07-04,7/4*,Fourth-FEST and Fireworks,Punta Gorda,active,True,,,https://www.facebook.com/puntagordafireworks/,www.facebook.com,https://festivalguidesandreviews.com/florida-festivals/
2027-07-04,2027-07-04,7/4*,Rockledge Independence Day Picnic,Rockledge,active,True,,,https://www.facebook.com/events/3471419639707434,www.facebook.com,https://festivalguidesandreviews.com/florida-festivals/
2027-07-04,2027-07-04,7/4*,Royal Palm Beach July 4th Celebration,Royal Palm Beach,active,True,,,https://www.pottcevents.com/RPB-4-of-July-Celebration.html,www.pottcevents.com,https://festivalguidesandreviews.com/florida-festivals/
2027-07-04,2027-07-04,7/4*,Safety Harbor 4th of July Celebration,Safety Harbor,active,True,,,https://cityofsafetyharbor.com/Calendar.aspx?EID=22146&month=3&year=2026&day=25&calType=0,cityofsafetyharbor.com,https://festivalguidesandreviews.com/florida-festivals/
2027-07-04,2027-07-04,7/4*,Star Spangled Sanford,Sanford,active,True,,,https://sanfordfl.gov/event-calendar/,sanfordfl.gov,https://festivalguidesandreviews.com/florida-festivals/
2027-07-04,2027-07-04,7/4*,Sopchoppy 4th of July Celebration,Sopchoppy,active,True,,,https://www.facebook.com/events/myron-b-hodge-sopchoppy-city-park/sopchoppy-4th-of-july-celebration/1415386900367877/,www.facebook.com,https://festivalguidesandreviews.com/florida-festivals/
2027-07-04,2027-07-04,7/4*,St. Cloud Area 4th of July Celebration,St. Cloud,active,True,,,https://www.facebook.com/events/965107826132396,www.facebook.com,https://festivalguidesandreviews.com/florida-festivals/
2027-07-04,2027-07-04,7/4*,The Fourth at the St. Pete Pier,St. Petersburg,active,True,,,https://www.visitstpeteclearwater.com/event/fourth-st-pete-pier/45251,www.visitstpeteclearwater.com,https://festivalguidesandreviews.com/florida-festivals/
2027-07-04,2027-07-04,7/4*,Celebrate America,Tallahassee,active,True,,,https://talgov.com/parks/july4.aspx,talgov.com,https://festivalguidesandreviews.com/florida-festivals/
2027-07-04,2027-07-04,7/4*,Liberty by the Bay,Tampa,active,True,,,https://www.tampa.gov/libertybythebay,www.tampa.gov,https://festivalguidesandreviews.com/florida-festivals/
2027-07-04,2027-07-04,7/4*,Tavares July 4th Celebration,Tavares,active,True,,,https://www.tavaresfl.gov/1313/July-4th-Celebration,www.tavaresfl.gov,https://festivalguidesandreviews.com/florida-festivals/
2027-07-04,2027-07-04,7/4*,All American Celebration at Lake Sumter Landing,The Villages,active,True,,,https://www.thevillagesentertainment.com/special-events/all-american-celebration/,www.thevillagesentertainment.com,https://festivalguidesandreviews.com/florida-festivals/
2027-07-10,2027-07-10,7/10*,Swamp Stomp Music Festival,Tallahassee,active,True,,,https://www.facebook.com/tallahasseemuseum,www.facebook.com,https://festivalguidesandreviews.com/florida-festivals/
2027-07-11,2027-07-11,7/11*,Sanford Food Truck Fiesta VII,Sanford,active,True,,,https://sanfordfl.gov/event-calendar/,sanfordfl.gov,https://festivalguidesandreviews.com/florida-festivals/
2027-07-11,2027-07-11,7/11*,Summer Asian Food and Music Festival,Tampa,active,True,,,https://www.facebook.com/events/968409852769500/,www.facebook.com,https://festivalguidesandreviews.com/florida-festivals/
2027-07-16,2027-07-18,7/16-7/18*,Asian Mega Night Market Food and Music Festival on the Tampa Riverfront,Tampa,active,True,,,https://www.facebook.com/events/1707036090434591/,www.facebook.com,https://festivalguidesandreviews.com/florida-festivals/
2027-07-23,2027-07-25,7/23-7/25*,Lake Placid Caladium Festival,Lake Placid,active,True,,,https://www.caladiumfestival.org/,www.caladiumfestival.org,https://festivalguidesandreviews.com/florida-festivals/
2027-07-24,2027-07-24,7/24*,Street Fair (Hemingway Days),Key West,active,True,,,https://keywestlookalikes.com/,keywestlookalikes.com,https://festivalguidesandreviews.com/florida-festivals/
2027-07-24,2027-07-24,7/24*,Largo Evening Market V,Largo,active,True,,,https://www.playlargo.com/special_events_detail_T40_R81.php,www.playlargo.com,https://festivalguidesandreviews.com/florida-festivals/
2027-07-31,2027-07-31,7/31*,Fishermen’s Village TikiFest,Punta Gorda,active,True,,,https://www.fishermensvillage.com/events,www.fishermensvillage.com,https://festivalguidesandreviews.com/florida-festivals/
2027-07-31,2027-07-31,7/31*,Wausau Possum Festival,Wausau,active,True,,,https://visitwcfla.com/events/wausau-possum-festival/,visitwcfla.com,https://festivalguidesandreviews.com/florida-festivals/
2027-08-04,2027-08-08,8/4-8/8*,Key West Lobsterfest,Key West,active,True,,,https://keywestlobsterfest.com/,keywestlobsterfest.com,https://festivalguidesandreviews.com/florida-festivals/
2027-08-07,2027-08-07,8/7*,Reggae on the Rock,Daytona Beach,active,True,,,https://reggaeattherock.com/,reggaeattherock.com,https://festivalguidesandreviews.com/florida-festivals/
2027-08-07,2027-08-07,8/7*,Tallahassee Beer Festival,Tallahassee,active,True,,,https://www.facebook.com/TLHBeerFest/,www.facebook.com,https://festivalguidesandreviews.com/florida-festivals/
2027-08-07,2027-08-07,8/7*,PrideFête Festival,Wilton Manors,active,True,,,https://hotspots.lgbt/pridefete2026/,hotspots.lgbt,https://festivalguidesandreviews.com/florida-festivals/
2027-08-08,2027-08-08,8/8*,Sanford Food Truck Fiesta VIII,Sanford,active,True,,,https://sanfordfl.gov/event-calendar/,sanfordfl.gov,https://festivalguidesandreviews.com/florida-festivals/
2027-08-14,2027-08-14,8/14*,Marcus Garvey Music Fest,Clermont,active,True,,,https://www.instagram.com/marcus_garvey_music_fest/,www.instagram.com,https://festivalguidesandreviews.com/florida-festivals/
2027-08-14,2027-08-14,8/14*,Tarpon Springs Hippie Fest,Tarpon Springs,active,True,,,https://tarponspringsmerchantassociation.com/tarpon-springs-events-calendar/tarpon-springs-hippie-fest/,tarponspringsmerchantassociation.com,https://festivalguidesandreviews.com/florida-festivals/
2027-08-14,2027-08-15,8/14-8/15*,Obon Weekend at the Morikami Museum and Japanese Gardens,Delray Beach,active,True,,,https://morikami.org/event/obon-weekend/,morikami.org,https://festivalguidesandreviews.com/florida-festivals/
2027-08-20,2027-08-22,8/20-8/22*,Mega Asian Food and Music Festival on the Water,Clearwater,active,True,,,https://www.facebook.com/events/1064106103229809/,www.facebook.com,https://festivalguidesandreviews.com/florida-festivals/
2027-08-21,2027-08-21,8/21*,Jacksonville Caribbean Carnival,Jacksonville,active,True,,,https://www.facebook.com/jaxcarnival,www.facebook.com,https://festivalguidesandreviews.com/florida-festivals/
2027-08-21,2027-08-21,8/21*,The Magik and Mythk Festival,Kissimmee,active,True,,,https://www.facebook.com/events/3888713784765364/?post_id=4014018738901534&acontext=%7B%22event_action_history%22%3A[%7B%22surface%22%3A%22external_search_engine%22%7D%2C%7B%22mechanism%22%3A%22footer_attachment%22%2C%22surface%22%3A%22newsfeed%22%7D]%2C%22ref_notif_type%22%3Anull%7D,www.facebook.com,https://festivalguidesandreviews.com/florida-festivals/
2027-08-21,2027-08-21,8/21*,Largo Evening Market VI,Largo,active,True,,,https://www.playlargo.com/special_events_detail_T40_R81.php,www.playlargo.com,https://festivalguidesandreviews.com/florida-festivals/
2027-08-21,2027-08-21,8/21*,National Dog Day Festival,Neptune Beach,active,True,,,https://www.facebook.com/events/2844950702375242,www.facebook.com,https://festivalguidesandreviews.com/florida-festivals/
2027-08-21,2027-08-21,8/21*,Beertopia Beer and Food Festival,Palmetto,active,True,,,https://desotohq.com/beertopia/,desotohq.com,https://festivalguidesandreviews.com/florida-festivals/
2027-08-22,2027-08-22,8/22*,Jacksonville Ukrainian Festival,Jacksonville,active,True,,,https://www.facebook.com/profile.php?id=61577170035404,www.facebook.com,https://festivalguidesandreviews.com/florida-festivals/
2027-08-27,2027-08-28,8/27-8/28*,Rock the Country,Ocala,active,True,,,https://rockthecountry.com/,rockthecountry.com,https://festivalguidesandreviews.com/florida-festivals/
2027-08-28,2027-08-28,8/28*,Rock the Park Music and Arts Festival,Port Orange,active,True,,,https://www.facebook.com/events/729661322952513,www.facebook.com,https://festivalguidesandreviews.com/florida-festivals/
2027-09-01,2027-09-05,9/1-9/5*,Key West Womenfest,Key West,active,True,,,https://gaykeywestfl.com/womenfest/,gaykeywestfl.com,https://festivalguidesandreviews.com/florida-festivals/
2027-09-03,2027-09-05,9/3-9/5*,Fins Up on the Forgotten Coast Music Festival,Apalachicola,active,True,,,https://trinityis.quickbase.com/nav/app/bqaqzfd77/action/showpage?pageid=7,trinityis.quickbase.com,https://festivalguidesandreviews.com/florida-festivals/
2027-09-04,2027-09-04,9/4*,GeckoFest,Gulfport,active,True,,,https://visitgulfportflorida.com/event/gecko-fest/,visitgulfportflorida.com,https://festivalguidesandreviews.com/florida-festivals/
2027-09-04,2027-09-04,9/4*,Key West BrewFest Grand Tasting,Key West,active,True,,,https://www.facebook.com/keywestbrewfest/,www.facebook.com,https://festivalguidesandreviews.com/florida-festivals/
2027-09-04,2027-09-04,9/4*,South Florida Tacos and Treats Festival,North Fort Myers,active,True,,,https://www.facebook.com/events/1527487902279294,www.facebook.com,https://festivalguidesandreviews.com/florida-festivals/
2027-09-04,2027-09-05,9/4-9/5*,"Florida Scallop, Music and Arts Festival",Port St. Joe,active,True,,,https://www.facebook.com/FLAScallopFestival/,www.facebook.com,https://festivalguidesandreviews.com/florida-festivals/
2027-09-06,2027-09-06,9/6*,Okeechobee Labor Day in the Park,Okeechobee,active,True,,,https://okeechobeemainstreet.org/labor-day-festival/,okeechobeemainstreet.org,https://festivalguidesandreviews.com/florida-festivals/
2027-09-10,2027-09-10,9/10*,Emerald Coast Beer Festival,Pensacola,active,True,,,https://emeraldcoastbeerfest.com/,emeraldcoastbeerfest.com,https://festivalguidesandreviews.com/florida-festivals/
2027-09-10,2027-09-11,9/10-9/11*,Florida Fin Fest,Jacksonville,active,True,,,https://www.facebook.com/flfinfest,www.facebook.com,https://festivalguidesandreviews.com/florida-festivals/
2027-09-11,2027-09-11,9/11*,Sopchoppy Depot Days Festival,Sopchoppy,active,True,,,https://www.facebook.com/events/1649490562853599/,www.facebook.com,https://festivalguidesandreviews.com/florida-festivals/
2027-09-11,2027-09-12,9/11-9/12*,I Like it HOT! Festival,Largo,active,True,,,https://www.facebook.com/ILikeItHotFestival/,www.facebook.com,https://festivalguidesandreviews.com/florida-festivals/
2027-09-12,2027-09-12,9/12*,Taste the Caribbean Festival,Coral Gables,active,True,,,https://www.miamiandbeaches.com/event/taste-the-caribbean-festival/38074,www.miamiandbeaches.com,https://festivalguidesandreviews.com/florida-festivals/
2027-09-12,2027-09-12,9/12*,Sanford Food Truck Fiesta IX,Sanford,active,True,,,https://sanfordfl.gov/event-calendar/,sanfordfl.gov,https://festivalguidesandreviews.com/florida-festivals/
2027-09-17,2027-09-17,9/17*,Oakland Park Latin Fest,Oakland Park,active,True,,,https://www.oaklandparkfl.gov/601/Latin-Fest,www.oaklandparkfl.gov,https://festivalguidesandreviews.com/florida-festivals/
2027-09-17,2027-09-19,9/17-9/19*,South Gulf Coast Florida Vintage Market Days,Fort Myers,active,True,,,https://vintagemarketdays.com/market/south-gulf-coast-florida/,vintagemarketdays.com,https://festivalguidesandreviews.com/florida-festivals/
2027-09-17,2027-09-19,9/17-9/19*,Everybody’s Favorite Barbecue and Hot Sauce Festival: Jacksonville,Jacksonville,active,True,,,https://everybodysfavoritefestival.com/cities/,everybodysfavoritefestival.com,https://festivalguidesandreviews.com/florida-festivals/
2027-09-17,2027-09-19,9/17-9/19*,Wicked Barley’s Oktoberfest,Jacksonville,active,True,,,https://www.facebook.com/events/2162612230981479,www.facebook.com,https://festivalguidesandreviews.com/florida-festivals/
2027-09-17,2027-09-19,9/17-9/19*,Raprager Family Farm’s Fall Festival I,Odessa,active,True,,,https://rapragerfarm.com/fall-festival,rapragerfarm.com,https://festivalguidesandreviews.com/florida-festivals/
2027-09-17,2027-09-19,9/17-9/19*,Gulf Coast Jazz Festival: Fall Edition,Pensacola,active,True,,,https://www.gulfcoastsummerfestjazzedition.com/event-information,www.gulfcoastsummerfestjazzedition.com,https://festivalguidesandreviews.com/florida-festivals/
2027-09-17,2027-09-19,9/17-9/19*,Mega Night Market Mid Autumn Moon Festival,Tampa,active,True,,,https://www.facebook.com/events/1284259827148018/,www.facebook.com,https://festivalguidesandreviews.com/florida-festivals/
2027-09-18,2027-09-18,9/18*,Gail Baker Community Center Fall Festival,Atlantic Beach,active,True,,,https://coab.us/Calendar.aspx?EID=10140&month=5&year=2026&day=7&calType=0,coab.us,https://festivalguidesandreviews.com/florida-festivals/
2027-09-18,2027-09-18,9/18*,Clermont Sips and Salsa,Clermont,active,True,,,https://www.clermontfl.gov/254/Events,www.clermontfl.gov,https://festivalguidesandreviews.com/florida-festivals/
2027-09-18,2027-09-18,9/18*,Fabulous 50’s Festival,Newberry,active,True,,,https://www.facebook.com/events/2002639217252905/,www.facebook.com,https://festivalguidesandreviews.com/florida-festivals/
2027-09-18,2027-09-18,9/18*,Key Lime and Tropical Festival,Punta Gorda,active,True,,,https://www.fishermensvillage.com/events,www.fishermensvillage.com,https://festivalguidesandreviews.com/florida-festivals/
2027-09-18,2027-09-18,9/18*,Deviant Wolfe Oktoberfest,Sanford,active,True,,,https://www.facebook.com/events/873075262293069,www.facebook.com,https://festivalguidesandreviews.com/florida-festivals/
2027-09-18,2027-09-18,9/18*,Williston Fiesta,Williston,active,True,,,https://www.facebook.com/events/1294119272429922/?acontext=%7B%22event_action_history%22%3A[%7B%22mechanism%22%3A%22surface%22%2C%22surface%22%3A%22groups_highlight_units%22%7D]%2C%22ref_notif_type%22%3Anull%7D,www.facebook.com,https://festivalguidesandreviews.com/florida-festivals/
2027-09-18,2027-09-18,9/18*,DogFest Winter Park,Winter Park,active,True,,,https://www.facebook.com/events/1605553004206747/,www.facebook.com,https://festivalguidesandreviews.com/florida-festivals/
2027-09-18,2027-09-19,9/18-9/19*,Fall Festival at Amber Brooke Farms I,Williston,active,True,,,https://amberbrookefarms.com/,amberbrookefarms.com,https://festivalguidesandreviews.com/florida-festivals/
2027-09-23,2027-09-25,9/23-9/25*,City of Oviedo Oktoberfest,Oviedo,active,True,,,https://www.eventbrite.com/e/oviedo-oktoberfest-2026-tickets-1988317980604,www.eventbrite.com,https://festivalguidesandreviews.com/florida-festivals/
2027-09-23,2027-09-26,9/23-9/26*,St. Augustine Songwriters Festival,St. Augustine,active,True,,,https://www.facebook.com/staugustinesongwritersfestival/,www.facebook.com,https://festivalguidesandreviews.com/florida-festivals/
2027-09-24,2027-09-24,9/24*,Leesburg Fiesta en la Plaza,Leesburg,active,True,,,https://www.facebook.com/events/1744896233619604,www.facebook.com,https://festivalguidesandreviews.com/florida-festivals/
2027-09-24,2027-09-24,9/24*,Main Street Marianna Fall Festival,Marianna,active,True,,,https://www.facebook.com/events/2347117706049657/,www.facebook.com,https://festivalguidesandreviews.com/florida-festivals/
2027-09-24,2027-09-25,9/24-9/25*,High Springs Fall Festival,High Springs,active,True,,,https://highsprings.com/fall-festival-september-2026/,highsprings.com,https://festivalguidesandreviews.com/florida-festivals/
2027-09-24,2027-09-25,9/24-9/25*,Oktoberfest at Bluewater Bay,Niceville,active,True,,,https://www.midbayrotaryclub.org/events,www.midbayrotaryclub.org,https://festivalguidesandreviews.com/florida-festivals/
2027-09-24,2027-09-25,9/24-9/25*,Smokin’ in the Pines BBQ Festival,Perry,active,True,,,http://www.smokininthepinesbbq.com/,www.smokininthepinesbbq.com,https://festivalguidesandreviews.com/florida-festivals/
2027-09-24,2027-09-25,9/24-9/25*,Traditional German American Friendship Society of Pinellas Oktoberfest I,Pinellas Park,active,True,,,https://www.facebook.com/GermanTampa,www.facebook.com,https://festivalguidesandreviews.com/florida-festivals/
2027-09-24,2027-09-26,9/24-9/26*,Destin Seafood Festival,Destin,active,True,,,https://www.facebook.com/DestinSeafoodFest/,www.facebook.com,https://festivalguidesandreviews.com/florida-festivals/
2027-09-24,2027-09-26,9/24-9/26*,Jacob City Day,Jacob City,active,True,,,https://www.facebook.com/photo/?fbid=10164264453070138&set=gm.26824830037154386&idorvanity=189497904447628,www.facebook.com,https://festivalguidesandreviews.com/florida-festivals/
2027-09-24,2027-09-26,9/24-9/26*,Raprager Family Farm’s Fall Festival II,Odessa,active,True,,,https://rapragerfarm.com/fall-festival,rapragerfarm.com,https://festivalguidesandreviews.com/florida-festivals/
2027-09-24,2027-09-26,9/24-9/26*,Pensacola Seafood Festival,Pensacola,active,True,,,https://www.pensacolaseafoodfestival.com/,www.pensacolaseafoodfestival.com,https://festivalguidesandreviews.com/florida-festivals/
2027-09-25,2027-09-25,9/25*,Bartow Fall Fest,Bartow,active,True,,,https://mainstreetbartowfl.com/event-calendar,mainstreetbartowfl.com,https://festivalguidesandreviews.com/florida-festivals/
2027-09-25,2027-09-25,9/25*,German American Society Oktoberfest I,Hollywood,active,True,,,https://www.germanamericanclubhollywood.org,www.germanamericanclubhollywood.org,https://festivalguidesandreviews.com/florida-festivals/
2027-09-25,2027-09-25,9/25*,Howey Artisan Market at Mission Resort and Club VI,Howey in the Hills,active,True,,,https://www.facebook.com/events/1618016786356990/1618018013023534/,www.facebook.com,https://festivalguidesandreviews.com/florida-festivals/
2027-09-25,2027-09-25,9/25*,Largo Evening Market VII,Largo,active,True,,,https://www.playlargo.com/special_events_detail_T40_R81.php,www.playlargo.com,https://festivalguidesandreviews.com/florida-festivals/
2027-09-25,2027-09-25,9/25*,Space Coast Pride Festival,Melbourne,active,True,,,https://spacecoastpride.org/,spacecoastpride.org,https://festivalguidesandreviews.com/florida-festivals/
2027-09-25,2027-09-25,9/25*,Mount Dora Viva La Frida,Mount Dora,active,True,,,https://mountdoraart.com/mount-dora-viva-la-frida-festival/,mountdoraart.com,https://festivalguidesandreviews.com/florida-festivals/
2027-09-25,2027-09-25,9/25*,International Food and Drink Festival,Orlando,active,True,,,https://www.instagram.com/internationalfoodanddrinkfest/,www.instagram.com,https://festivalguidesandreviews.com/florida-festivals/
2027-09-25,2027-09-25,9/25*,Lake Nona Oktoberfest,Orlando,active,True,,,https://www.eventbrite.com/e/lake-nona-oktoberfest-2026-stein-hoisting-competition-tickets-1994830603033,www.eventbrite.com,https://festivalguidesandreviews.com/florida-festivals/
2027-09-25,2027-09-25,9/25*,Moon Over Avalon Night Market,Orlando,active,True,,,https://www.facebook.com/Orlando.Moon.Festival/,www.facebook.com,https://festivalguidesandreviews.com/florida-festivals/
2027-09-25,2027-09-25,9/25*,Panacea Blue Crab Festival,Panacea,active,True,,,https://www.visitpanacea.org/blue-crab-festival,www.visitpanacea.org,https://festivalguidesandreviews.com/florida-festivals/
2027-09-25,2027-09-25,9/25*,Experience Asia Festival,Tallahassee,active,True,,,https://asiantlh.org/events/2026-EA,asiantlh.org,https://festivalguidesandreviews.com/florida-festivals/
2027-09-25,2027-09-26,9/25-9/26*,Bedner’s Fall Festival I,Boynton Beach,active,True,,,https://bedners.com/fall-festival/,bedners.com,https://festivalguidesandreviews.com/florida-festivals/
2027-09-25,2027-09-26,9/25-9/26*,Mayhem Ranch Fall Festival I,Morriston,active,True,,,https://mayhemranchfla.com/event/mayhem-ranch-fall-festival/,mayhemranchfla.com,https://festivalguidesandreviews.com/florida-festivals/
2027-09-25,2027-09-26,9/25-9/26*,Port St. Lucie Bacon and BBQ Festival,Vero Beach,active,True,,,https://www.pottcevents.com/treasure-coast-bacon-fest.html,www.pottcevents.com,https://festivalguidesandreviews.com/florida-festivals/
2027-09-25,2027-09-26,9/25-9/26*,Fall Festival at Amber Brooke Farms II,Williston,active,True,,,https://amberbrookefarms.com/,amberbrookefarms.com,https://festivalguidesandreviews.com/florida-festivals/
